token_symbol,report_date,price_usd,return_24h,volume_24h_usd,market_cap_usd,market_cap_rank,momentum_30d_pct,drawdown_from_peak_pct,press_opinion,base_score,invest_score,model_decision,did_invest,allocation_pct,position_value_usd,paper_return_24h,unrealized_pnl_pct,realized_pnl_pct
AAVE,2026-08-29T00:00:00Z,122.19076192506826,-4.611704272224593,277444412.4214287,1884798899.998158,12,27.319515201298692,-13.664701309385208,neutral,57.66,57.66,Invest,1,5.766,46.8426,0.0,0.0,-999
ADA,2026-08-29T00:00:00Z,0.20309694918024185,-5.004222382204038,381571335.9100777,7615850665.751978,7,25.370886421917472,-11.351923918620821,none,3.61,3.61,Skip,0,0.0,0.0,N/A,-999,-999
ARB,2026-08-29T00:00:00Z,0.08774643185675433,-4.585102138609121,47596993.395162664,585977334.6137228,15,10.994413892134226,-13.365084090113399,none,3.94,3.94,Skip,0,0.0,0.0,N/A,-999,-999
AVAX,2026-08-29T00:00:00Z,7.306445627990587,-2.955770139517655,211101772.52006358,3154718358.032161,9,13.764856768991663,-6.764011371832934,none,4.85,4.85,Skip,0,0.0,0.0,N/A,-999,-999
BTC,2026-08-29T00:00:00Z,77820.76428719184,-3.0492836906176324,36320805552.04175,1562365617022.764,1,21.75360827091939,-3.0492836906176324,none,99.96,99.96,Invest,1,9.996,99.96,0.0,0.0,-999
DOGE,2026-08-29T00:00:00Z,0.08522451370429333,-4.396342619790062,705110622.0667987,13268190891.532997,5,21.621351114893052,-8.733068100188868,none,2.54,2.54,Skip,0,0.0,0.0,N/A,-999,-999
DOT,2026-08-29T00:00:00Z,0.8486932705112726,-3.733033485630488,110347552.10897936,1442929690.5660439,14,11.241737576221311,-9.656954013538266,none,7.17,7.17,Skip,0,0.0,0.0,N/A,-999,-999
ETH,2026-08-29T00:00:00Z,2442.407614756763,-2.74953979691146,14972903066.684414,294752696360.4463,2,27.959040922442412,-2.8851251834124403,none,97.38,97.38,Invest,1,9.738,87.6459,0.0,0.0,-999
LINK,2026-08-29T00:00:00Z,11.431709761370778,-4.1203429508998575,400413206.33828115,8552061734.387336,6,37.327187873199506,-4.674996362042528,none,3.17,3.17,Skip,0,0.0,0.0,N/A,-999,-999
LTC,2026-08-29T00:00:00Z,49.31264092011042,-1.2235978432173278,276601799.0571245,3824005658.596964,8,8.61674182519645,-7.184324311727696,none,15.39,15.39,Skip,0,0.0,0.0,N/A,-999,-999
NEAR,2026-08-29T00:00:00Z,1.8238265545687031,-5.389487594067877,190357207.32744032,2379762335.556428,11,12.561058228788347,-9.449298198179113,none,5.91,5.91,Skip,0,0.0,0.0,N/A,-999,-999
PEPE,2026-08-29T00:00:00Z,3.695995211345793e-06,-5.071237599233136,276536923.7669338,1554868225.4610617,13,35.707882864394634,-10.33758139856955,none,3.28,3.28,Skip,0,0.0,0.0,N/A,-999,-999
SOL,2026-08-29T00:00:00Z,104.11408013203007,-4.637617498078706,5937451206.231917,60819494633.2409,4,41.43773853010513,-4.637617498078706,none,56.03,56.03,Invest,1,5.603,42.8938,0.0,0.0,-999
UNI,2026-08-29T00:00:00Z,4.435315647257612,-5.3276940108172415,347661673.7269649,2764143814.522205,10,11.242696435429744,-5.3276940108172415,none,4.63,4.63,Skip,0,0.0,0.0,N/A,-999,-999
XRP,2026-08-29T00:00:00Z,1.3834326975271105,-4.827542881868507,3012089060.2480206,86802799602.40523,3,28.97677164815342,-9.014909248754954,none,19.76,19.76,Skip,0,0.0,0.0,N/A,-999,-999
AAVE,2026-08-30T00:00:00Z,126.76906677228531,3.746850232446075,193079884.2532591,1955421710.7180185,12,27.490052032908572,-10.429846969712885,neutral,42.49,42.49,Skip,0,5.766,0.0,3.7469,3.7469,3.7469
ADA,2026-08-30T00:00:00Z,0.201848389377435,-0.6147604914039317,187076377.55241603,7569031424.774611,7,18.967151001319248,-11.896897266758844,none,3.55,3.55,Skip,0,0.0,0.0,N/A,-999,-999
ARB,2026-08-30T00:00:00Z,0.08764903701675572,-0.1109957840309761,31068927.60358931,585326924.4769244,15,13.23618395912769,-13.461245194272154,none,3.3,3.3,Skip,0,0.0,0.0,N/A,-999,-999
AVAX,2026-08-30T00:00:00Z,7.331229082662345,0.3391998782118488,97812967.32850835,3165419158.8605328,9,13.998575772305966,-6.44775501195658,none,3.57,3.57,Skip,0,0.0,0.0,N/A,-999,-999
BTC,2026-08-30T00:00:00Z,78225.13950818499,0.5196238108133189,15083877886.534477,1570516817114.2285,1,20.823459149685487,-2.545504683920019,none,99.94,99.94,Invest,0,9.996,100.4794,0.5196,0.5196,-999
DOGE,2026-08-30T00:00:00Z,0.08527944562451086,0.06445553964451456,311800182.37748754,13277853313.955235,5,20.857601156476147,-8.674241506715852,none,1.94,1.94,Skip,0,0.0,0.0,N/A,-999,-999
DOT,2026-08-30T00:00:00Z,0.8454716996364715,-0.37959189576940444,67421707.99800222,1437591593.8707867,14,10.093195321473857,-9.999888894494102,none,6.59,6.59,Skip,0,0.0,0.0,N/A,-999,-999
ETH,2026-08-30T00:00:00Z,2457.089335222437,0.6011167168399112,5355165833.843594,296524419464.6924,2,28.13548334798277,-2.301351436351773,none,95.96,95.96,Invest,0,9.738,88.1727,0.6011,0.6011,-999
LINK,2026-08-30T00:00:00Z,11.455810210166169,0.21082103463498925,223337487.0024895,8570091279.418394,6,35.60214550160013,-4.474031203107143,none,2.63,2.63,Skip,0,0.0,0.0,N/A,-999,-999
LTC,2026-08-30T00:00:00Z,49.008418352184435,-0.6169261314129204,181228244.6099243,3800582528.8611035,8,7.616542214152777,-7.756928469096113,none,14.91,14.91,Skip,0,0.0,0.0,N/A,-999,-999
NEAR,2026-08-30T00:00:00Z,1.8681154217385798,2.4283486310105795,136756070.33617976,2437754764.8066854,11,11.42039376807682,-7.250411470604112,none,3.95,3.95,Skip,0,0.0,0.0,N/A,-999,-999
PEPE,2026-08-30T00:00:00Z,3.6570044715956477e-06,-1.054945624129966,128853031.94802366,1538465211.1555731,13,32.326258511129446,-11.283471160094438,none,3.16,3.16,Skip,0,0.0,0.0,N/A,-999,-999
SOL,2026-08-30T00:00:00Z,105.5938871300456,1.4213322502959702,2273509757.5718346,61683846396.712975,4,41.80709521534478,-3.282201200928303,none,42.51,42.51,Skip,0,5.603,0.0,1.4213,1.4213,1.4213
UNI,2026-08-30T00:00:00Z,4.681964086027825,5.561012076394545,262569963.65438804,2917858185.8566976,10,5.7027334078284975,-0.06295564175760049,none,2.19,2.19,Skip,0,0.0,0.0,N/A,-999,-999
XRP,2026-08-30T00:00:00Z,1.3962919749950886,0.9295195560264036,1089817502.5224993,87609648599.888,3,29.035184603500873,-8.16918503715376,none,13.21,13.21,Skip,0,0.0,0.0,N/A,-999,-999
AAVE,2026-08-31T00:00:00Z,122.39963778289504,-3.4467627636945997,253805089.29694146,1888025935.199072,12,30.69224604173799,-13.517117651745092,none,54.48,54.48,Invest,1,5.448,41.7519,0.0,0.0,-999
ADA,2026-08-31T00:00:00Z,0.19267185961239683,-4.546248693557331,312632367.6834129,7224924432.510851,7,14.65292429323699,-15.902283423752305,none,8.27,8.27,Skip,0,0.0,0.0,N/A,-999,-999
ARB,2026-08-31T00:00:00Z,0.08420633013432346,-3.927831952990102,56515560.76568568,562336266.5078655,15,7.6534092499340955,-16.860342057251298,none,7.47,7.47,Skip,0,0.0,0.0,N/A,-999,-999
AVAX,2026-08-31T00:00:00Z,7.110247807837202,-3.0142459379388753,164705054.6775941,3070005640.4458404,10,11.474031142671915,-9.267649756359308,none,9.6,9.6,Skip,0,0.0,0.0,N/A,-999,-999
BTC,2026-08-31T00:00:00Z,77658.23133225394,-0.724713537739019,18928816149.23794,1559173121661.4866,1,23.620065024242678,-3.251770604610882,none,99.95,99.95,Invest,0,9.996,99.7512,-0.7247,-0.2089,-999
DOGE,2026-08-31T00:00:00Z,0.0820544387837955,-3.781693017699961,583977637.904896,12776954837.773928,5,18.008501949952805,-12.1279013390179,none,4.3,4.3,Skip,0,0.0,0.0,N/A,-999,-999
DOT,2026-08-31T00:00:00Z,0.8194698348247896,-3.0754269862447114,109891339.58764592,1393499776.8233895,14,8.074757782429964,-12.767776599083058,none,11.78,11.78,Skip,0,0.0,0.0,N/A,-999,-999
ETH,2026-08-31T00:00:00Z,2416.2418165172735,-1.662435228528869,10762275574.892046,291594867605.8527,2,29.864118091665294,-3.925528187870475,none,97.38,97.38,Invest,0,9.738,86.7069,-1.6624,-1.0713,-999
LINK,2026-08-31T00:00:00Z,11.141848097151453,-2.74063647402345,298865545.2362671,8335216231.957551,6,36.480584611733576,-7.092050746119039,none,4.16,4.16,Skip,0,0.0,0.0,N/A,-999,-999
LTC,2026-08-31T00:00:00Z,47.88468407932796,-2.292941316287933,181983227.1923062,3713597516.5386157,8,8.195395270932671,-9.872007967641238,none,19.21,19.21,Skip,0,0.0,0.0,N/A,-999,-999
NEAR,2026-08-31T00:00:00Z,1.818123276059755,-2.6760737102795917,201483976.20729783,2372667945.6174192,11,9.357550840410722,-9.732458825631774,none,6.71,6.71,Skip,0,0.0,0.0,N/A,-999,-999
PEPE,2026-08-31T00:00:00Z,3.4043689457936663e-06,-6.908264065965164,224820651.9557006,1432183971.8059375,13,23.75425230774635,-17.41224324251325,none,11.11,11.11,Skip,0,0.0,0.0,N/A,-999,-999
SOL,2026-08-31T00:00:00Z,101.68286901296827,-3.7038300448781314,2971169081.015964,59496842462.864845,4,39.68389665650618,-6.864464091593103,none,59.39,59.39,Invest,1,5.939,48.3885,0.0,0.0,-999
UNI,2026-08-31T00:00:00Z,5.132216930650087,9.616751353687913,835800027.8995081,3198461352.443765,9,18.058563344521495,9.547741424399359,none,0.39,0.39,Skip,0,0.0,0.0,N/A,-999,-999
XRP,2026-08-31T00:00:00Z,1.3579266931353293,-2.747654684464851,1779471162.9979696,85202437986.08998,3,28.033506213826964,-10.692378726262653,none,21.32,21.32,Skip,0,0.0,0.0,N/A,-999,-999
AAVE,2026-09-01T00:00:00Z,124.060150646295,1.3566321710406282,220344636.95061103,1913702098.6486957,12,36.97828994409929,-12.343863047365444,none,45.37,45.37,Skip,0,5.448,0.0,1.3566,1.3566,1.3566
ADA,2026-09-01T00:00:00Z,0.19776462075916668,2.6432303902682586,313647904.15076005,7415895830.784894,7,13.463338278156689,-13.679387021687262,none,6.17,6.17,Skip,0,0.0,0.0,N/A,-999,-999
ARB,2026-09-01T00:00:00Z,0.10931488580738655,29.81789567721411,226563434.2153402,730013107.8103216,15,38.601918248377,7.930154414510171,none,0.13,0.13,Skip,0,0.0,0.0,N/A,-999,-999
AVAX,2026-09-01T00:00:00Z,7.228102615370432,1.6575344589723873,149885811.09094656,3120892041.8286257,10,16.829874878642713,-7.763729785635453,bullish,6.77,11.77,Skip,0,0.0,0.0,N/A,-999,-999
BTC,2026-09-01T00:00:00Z,78552.77932895812,1.151903644157093,29723745445.38036,1577171863083.2737,1,25.138687548907114,-2.137324224547943,none,99.95,99.95,Invest,0,9.996,100.9003,1.1519,0.9406,-999
DOGE,2026-09-01T00:00:00Z,0.0828167928086005,0.9290832234118751,502592028.148626,12896727577.422186,5,19.868223633782467,-11.311496412298784,neutral,3.48,3.48,Skip,0,0.0,0.0,N/A,-999,-999
DOT,2026-09-01T00:00:00Z,0.839708073786757,2.4696746728077645,108049926.90687539,1428044421.49195,14,7.563661593643656,-10.61342447122352,none,8.81,8.81,Skip,0,0.0,0.0,N/A,-999,-999
ETH,2026-09-01T00:00:00Z,2466.565659094493,2.0827320441691333,12336663342.988674,297667970873.7225,2,33.80207064920238,-1.9245543771730045,none,96.35,96.35,Invest,0,9.738,88.5128,2.0827,0.9891,-999
LINK,2026-09-01T00:00:00Z,11.31926701206514,1.5923652285211753,384302736.9079166,8467943316.957295,6,40.42010640603046,-5.612616867668152,none,3.35,3.35,Skip,0,0.0,0.0,N/A,-999,-999
LTC,2026-09-01T00:00:00Z,48.52601430846274,1.3393222519173742,204034703.44727215,3763528052.4064093,8,9.799642499001248,-8.664903715145533,none,16.6,16.6,Skip,0,0.0,0.0,N/A,-999,-999
NEAR,2026-09-01T00:00:00Z,1.91972951071275,5.588522846107358,215925619.67263758,2505422803.031164,11,14.707156903910645,-4.687836664482836,none,2.94,2.94,Skip,0,0.0,0.0,N/A,-999,-999
PEPE,2026-09-01T00:00:00Z,3.5539414219205395e-06,4.393544839247832,254339453.77175444,1495107616.7877517,13,28.208277031005213,-13.783713117644147,none,6.28,6.28,Skip,0,0.0,0.0,N/A,-999,-999
SOL,2026-09-01T00:00:00Z,103.01068194219994,1.3058373963291015,3234457987.4852805,60282571646.81706,4,43.28108363055412,-5.648265434429611,none,53.62,53.62,Invest,0,5.939,49.0204,1.3058,1.3058,-999
UNI,2026-09-01T00:00:00Z,5.229010681436265,1.886002717619295,486534686.6641173,3258784420.472857,9,28.090930472675634,1.886002717619295,none,0.97,0.97,Skip,0,0.0,0.0,N/A,-999,-999
XRP,2026-09-01T00:00:00Z,1.3792804733945896,1.5725282054774414,1989020218.1899161,86542270355.17569,3,30.132578946336764,-9.287991192092148,none,17.81,17.81,Skip,0,0.0,0.0,N/A,-999,-999
AAVE,2026-09-02T00:00:00Z,127.83643026325107,3.0439102300645615,266896629.38128713,1972106745.7813265,12,38.86656617449997,-9.675688927384806,none,36.34,36.34,Skip,0,0.0,0.0,N/A,-999,-999
ADA,2026-09-02T00:00:00Z,0.1965993377944218,-0.5892272137815513,346125554.499733,7373327077.118081,7,3.8174168662544306,-14.188011564458524,none,8.38,8.38,Skip,0,0.0,0.0,N/A,-999,-999
ARB,2026-09-02T00:00:00Z,0.11026086072906979,0.8653669760494198,451978878.81395364,736330400.1661441,15,35.280470889002814,0.8653669760494198,none,0.6,0.6,Skip,0,0.0,0.0,N/A,-999,-999
AVAX,2026-09-02T00:00:00Z,7.2163657050821834,-0.16237885532075502,188042482.14485687,3115824373.055308,10,10.271329195044853,-7.913501985400096,bullish,8.52,13.52,Skip,0,0.0,0.0,N/A,-999,-999
BTC,2026-09-02T00:00:00Z,77416.44110979848,-1.4465919969565255,30118812390.414185,1554389755370.4558,1,21.907178235308365,-3.5529978603231482,none,99.96,99.96,Invest,0,9.996,99.4407,-1.4466,-0.5196,-999
DOGE,2026-09-02T00:00:00Z,0.08164256961884185,-1.4178563911215747,540044172.2668325,12714980840.166983,5,15.433782760987524,-12.568972028607096,neutral,4.74,4.74,Skip,0,0.0,0.0,N/A,-999,-999
DOT,2026-09-02T00:00:00Z,0.8716644433458661,3.8056522923494374,145625578.56799427,1482528574.9083266,13,9.247165951811187,-7.211682210559978,none,3.97,3.97,Skip,0,0.0,0.0,N/A,-999,-999
ETH,2026-09-02T00:00:00Z,2417.6758884733536,-1.982098892882811,12760379027.821028,291767768408.91174,2,28.399630935627584,-3.8685066990529426,none,97.59,97.59,Invest,0,9.738,86.7584,-1.9821,-1.0126,-999
LINK,2026-09-02T00:00:00Z,11.229814037883376,-0.7902717913308099,377425377.14015764,8401023549.6175,6,34.09994981888305,-6.358533731138294,none,4.26,4.26,Skip,0,0.0,0.0,N/A,-999,-999
LTC,2026-09-02T00:00:00Z,49.539966843004926,2.0895030201673714,273732518.97263885,3842334592.3049564,8,10.966061927331538,-6.756454119800715,none,13.88,13.88,Skip,0,0.0,0.0,N/A,-999,-999
NEAR,2026-09-02T00:00:00Z,1.8864857785414904,-1.7316883438915909,327855585.30449927,2462191342.4899964,11,9.951547398433203,-6.338346287274899,none,4.77,4.77,Skip,0,0.0,0.0,N/A,-999,-999
PEPE,2026-09-02T00:00:00Z,3.4742479886569208e-06,-2.242395802363917,214902017.09106526,1461581386.34808,14,19.55903928018321,-15.717023515648131,none,13.31,13.31,Skip,0,0.0,0.0,N/A,-999,-999
SOL,2026-09-02T00:00:00Z,99.96528544069069,-2.9563890308172525,3415139600.3536706,58500324971.04522,4,35.920928876319856,-8.437669765511934,none,67.9,67.9,Invest,0,5.939,47.5712,-2.9564,-1.6892,-999
UNI,2026-09-02T00:00:00Z,5.843678770140224,11.754959516264108,907751663.3476754,3641853209.8217635,9,40.28034880720281,11.754959516264108,none,0.21,0.21,Skip,0,0.0,0.0,N/A,-999,-999
XRP,2026-09-02T00:00:00Z,1.3514651765110592,-2.0166526982777655,2072820889.1030037,84797013324.9072,3,24.492218809295373,-11.117337365378788,none,24.82,24.82,Skip,0,0.0,0.0,N/A,-999,-999
AAVE,2026-09-03T00:00:00Z,127.13435878564,-0.5491951520902982,316563496.56299734,1961280767.8225002,12,37.730580344221806,-10.171745664954567,none,40.08,40.08,Skip,0,0.0,0.0,N/A,-999,-999
ADA,2026-09-03T00:00:00Z,0.20099065670859845,2.2336387108122135,304396598.0176863,7538020564.987389,7,3.8508015438206478,-12.27128177224458,none,6.1,6.1,Skip,0,0.0,0.0,N/A,-999,-999
ARB,2026-09-03T00:00:00Z,0.12402938203609604,12.487224583579026,350440175.54845124,828277630.9120567,15,50.20317816358957,12.487224583579026,none,0.06,0.06,Skip,0,0.0,0.0,N/A,-999,-999
AVAX,2026-09-03T00:00:00Z,7.189285084891333,-0.3752667381002994,161342716.17766392,3104131720.565609,10,9.489484024459106,-8.259071982730282,bullish,8.65,13.65,Skip,0,0.0,0.0,N/A,-999,-999
BTC,2026-09-03T00:00:00Z,77297.13347191992,-0.15411149901524146,26617233991.00716,1552036311658.5237,1,21.79451707481139,-3.7016337810758637,none,99.96,99.96,Invest,0,9.996,99.2874,-0.1541,-0.6729,-999
DOGE,2026-09-03T00:00:00Z,0.08171038457755984,0.08306323408804328,538620142.3201423,12726744274.223639,5,16.470896644381703,-12.49634898917763,neutral,4.58,4.58,Skip,0,0.0,0.0,N/A,-999,-999
DOT,2026-09-03T00:00:00Z,0.8671502850133361,-0.5178779938760036,127487277.60477547,1474982904.1733713,13,5.264352179480736,-7.692212489279216,none,4.45,4.45,Skip,0,0.0,0.0,N/A,-999,-999
ETH,2026-09-03T00:00:00Z,2390.783044679688,-1.1123428050005102,12772993324.596373,291704729861.0524,2,28.63785590925898,-4.9378184481255865,none,97.95,97.95,Invest,0,9.738,85.7933,-1.1123,-2.1137,-999
LINK,2026-09-03T00:00:00Z,11.109744202352955,-1.069205911383475,321796150.8715477,8311199309.208272,6,35.82425235289806,-7.359753823991133,none,4.5,4.5,Skip,0,0.0,0.0,N/A,-999,-999
LTC,2026-09-03T00:00:00Z,49.658758294159206,0.23978912123767682,254752435.77541625,3851724071.3409696,8,12.229297541477923,-6.532866240523727,none,12.87,12.87,Skip,0,0.0,0.0,N/A,-999,-999
NEAR,2026-09-03T00:00:00Z,1.8860409592252032,-0.023579256273587035,211314068.34458828,2461818819.603494,11,8.751100350548668,-6.360431008633904,none,4.25,4.25,Skip,0,0.0,0.0,N/A,-999,-999
PEPE,2026-09-03T00:00:00Z,3.4311009725720206e-06,-1.2419095074897024,144441698.5460084,1443429868.1513233,14,18.20440484382333,-16.763741813802614,none,13.97,13.97,Skip,0,0.0,0.0,N/A,-999,-999
SOL,2026-09-03T00:00:00Z,100.39064957766638,0.42551185153976157,2860983236.294549,58756160829.83349,4,36.60707275426907,-8.048061198818225,none,64.9,64.9,Invest,0,5.939,47.7736,0.4255,-1.2708,-999
UNI,2026-09-03T00:00:00Z,5.8496825641210926,0.10273997283263281,1092675794.915758,3645594848.8201385,9,49.80952460104473,0.10273997283263281,none,1.28,1.28,Skip,0,0.0,0.0,N/A,-999,-999
XRP,2026-09-03T00:00:00Z,1.350370850400152,-0.08097331177503442,2256669641.448012,84728350374.9317,3,25.660388546358238,-11.189308600907877,none,25.08,25.08,Skip,0,0.0,0.0,N/A,-999,-999
AAVE,2026-09-04T00:00:00Z,132.746696804198,4.414493510775408,309588014.8827412,2047876771.0906403,12,46.817145846962305,-6.20628320649117,none,22.98,22.98,Skip,0,0.0,0.0,N/A,-999,-999
ADA,2026-09-04T00:00:00Z,0.22115511187960019,10.032533601915983,696353388.5195922,8294275011.089086,7,14.67829838492496,-3.469868637514828,none,1.69,1.69,Skip,0,0.0,0.0,N/A,-999,-999
ARB,2026-09-04T00:00:00Z,0.14105858962141438,13.729978579077628,468052012.3584256,941999972.2115737,15,72.34062928704815,13.729978579077628,none,0.04,0.04,Skip,0,0.0,0.0,N/A,-999,-999
AVAX,2026-09-04T00:00:00Z,7.518011737174653,4.572452593014531,272297047.64766216,3246066671.9131975,10,12.595801046980881,-4.064261540749047,bullish,5.31,10.31,Skip,0,0.0,0.0,N/A,-999,-999
BTC,2026-09-04T00:00:00Z,81264.70153038795,5.132878646669781,39842820911.97599,1631720768263.5881,1,26.852863084494373,1.2412444956671598,none,99.92,99.92,Invest,0,9.996,104.3837,5.1329,4.4255,-999
DOGE,2026-09-04T00:00:00Z,0.08781223959546798,7.467661606850262,1064403645.7557927,13678376135.259731,5,25.404021448881764,-5.961872438050209,neutral,1.76,1.76,Skip,0,0.0,0.0,N/A,-999,-999
DOT,2026-09-04T00:00:00Z,0.8884313807320097,2.454141581507563,131435497.25789234,1511272796.2953334,14,3.711972483827486,-5.426848693008979,none,4.83,4.83,Skip,0,0.0,0.0,N/A,-999,-999
ETH,2026-09-04T00:00:00Z,2507.6482840896088,4.888157445736696,16639170367.446753,305971011968.8528,2,34.19777322498896,-0.29102934251789003,none,95.82,95.82,Invest,0,9.738,89.9871,4.8882,2.6712,-999
LINK,2026-09-04T00:00:00Z,11.832704231146355,6.507440816146626,495130075.35787183,8852045685.366987,6,45.304093954703006,-1.3312446321548155,none,1.74,1.74,Skip,0,0.0,0.0,N/A,-999,-999
LTC,2026-09-04T00:00:00Z,51.47841744219547,3.6643267180731964,274603129.3750787,3993067809.3612885,8,14.874717101148205,-3.1079250855580276,none,7.85,7.85,Skip,0,0.0,0.0,N/A,-999,-999
NEAR,2026-09-04T00:00:00Z,1.9542831243197905,3.618275878940702,262074850.90405908,2551059593.437259,11,12.992233567936973,-2.9722930706752693,none,2.52,2.52,Skip,0,0.0,0.0,N/A,-999,-999
PEPE,2026-09-04T00:00:00Z,3.713223484697834e-06,8.22250683908987,386087146.73805374,1562115987.7775319,13,28.721630418540165,-9.919634791840027,none,4.01,4.01,Skip,0,0.0,0.0,N/A,-999,-999
SOL,2026-09-04T00:00:00Z,103.96051784332946,3.5559768570889494,4097076588.631062,60854421898.614944,4,41.033708422002604,-4.778271535403611,none,53.67,53.67,Invest,0,5.939,49.4724,3.556,2.24,-999
UNI,2026-09-04T00:00:00Z,6.327780516733257,8.173058065484916,1031934247.397938,3943551432.646536,9,64.30245153783814,8.173058065484916,none,0.27,0.27,Skip,0,0.0,0.0,N/A,-999,-999
XRP,2026-09-04T00:00:00Z,1.4512912373932785,7.473531212793949,4174584534.70657,91060550086.28764,3,35.25566994916891,-4.552013858898607,none,10.78,10.78,Skip,0,0.0,0.0,N/A,-999,-999
AAVE,2026-09-05T00:00:00Z,130.3739032765341,-1.7874595638065371,291126734.83606386,2011302162.5787294,12,45.21199349635096,-7.882807967566352,none,28.03,28.03,Skip,0,0.0,0.0,N/A,-999,-999
ADA,2026-09-05T00:00:00Z,0.2112164477124468,-4.493978946579413,599326434.977081,7921532038.3193445,7,10.50953097966445,-7.807912418050367,none,3.41,3.41,Skip,0,0.0,0.0,N/A,-999,-999
ARB,2026-09-05T00:00:00Z,0.1317731013289464,-6.582717378210856,293597073.8176183,879990776.3380611,15,63.97442771342201,-6.582717378210856,none,1.19,1.19,Skip,0,0.0,0.0,N/A,-999,-999
AVAX,2026-09-05T00:00:00Z,7.385540136414686,-1.7620563174293613,224679458.3835954,3188869149.052782,10,10.964127301289196,-5.754703280942786,bullish,6.57,11.57,Skip,0,0.0,0.0,N/A,-999,-999
BTC,2026-09-05T00:00:00Z,79671.25767420157,-1.9608068770061604,35605666977.42856,1599775191734.4382,1,23.31350271655259,-1.9608068770061604,none,99.95,99.95,Invest,0,9.996,102.3369,-1.9608,2.3779,-999
DOGE,2026-09-05T00:00:00Z,0.0847903881947543,-3.4412644690930305,851968399.1106416,13208657389.10225,5,21.149046171502526,-9.197973109239966,neutral,2.93,2.93,Skip,0,0.0,0.0,N/A,-999,-999
DOT,2026-09-05T00:00:00Z,0.89972554469329,1.2712477526373167,141958559.3714024,1530667185.3244853,13,6.8563442828080134,-4.224589632420573,none,2.66,2.66,Skip,0,0.0,0.0,N/A,-999,-999
ETH,2026-09-05T00:00:00Z,2456.085066364875,-2.0562380319397056,16234345954.343023,299686660200.51276,2,28.76369166547017,-2.3412831184326355,none,97.22,97.22,Invest,0,9.738,88.1367,-2.0562,0.56,-999
LINK,2026-09-05T00:00:00Z,11.631341842390773,-1.7017444602861809,448565355.4146079,8701406488.294252,6,42.65305263467945,-3.010334710660445,none,2.29,2.29,Skip,0,0.0,0.0,N/A,-999,-999
LTC,2026-09-05T00:00:00Z,50.75737057648126,-1.4006779958297466,228711408.2033544,3937303700.8076158,8,12.081644384486312,-4.465071058587489,none,9.47,9.47,Skip,0,0.0,0.0,N/A,-999,-999
NEAR,2026-09-05T00:00:00Z,2.1718932806854885,11.135037378038026,492367712.2493218,2835300389.821535,11,27.917088749929775,7.8317783629582305,none,0.43,0.43,Skip,0,0.0,0.0,N/A,-999,-999
PEPE,2026-09-05T00:00:00Z,3.52616799744252e-06,-5.037549935417784,287656509.88478565,1483423614.8440938,14,22.67913079194632,-14.457478171207793,none,11.5,11.5,Skip,0,0.0,0.0,N/A,-999,-999
SOL,2026-09-05T00:00:00Z,101.92907583272797,-1.954051454094241,3301184331.330374,59665198840.31869,4,37.768746262810616,-6.638953105079725,none,60.5,60.5,Invest,0,5.939,48.5057,-1.9541,0.2421,-999
UNI,2026-09-05T00:00:00Z,6.182292466229112,-2.299195588712577,727670899.7724345,3852881472.068515,9,52.94186075292524,-2.299195588712577,none,1.7,1.7,Skip,0,0.0,0.0,N/A,-999,-999
XRP,2026-09-05T00:00:00Z,1.3986937238549557,-3.624187356963249,2974267897.4031177,87760345142.87921,3,31.795148186882983,-8.011227705100444,none,16.48,16.48,Skip,0,0.0,0.0,N/A,-999,-999
AAVE,2026-09-06T00:00:00Z,134.42213792855452,3.105095843785377,215794993.76405698,2073761075.8126853,12,49.9612459074914,-5.022480866355461,none,17.03,17.03,Skip,0,0.0,0.0,N/A,-999,-999
ADA,2026-09-06T00:00:00Z,0.2182747960633686,3.3417607517626458,419741770.26933885,8186250686.914204,7,8.585566717368565,-4.727073419006134,none,1.98,1.98,Skip,0,0.0,0.0,N/A,-999,-999
ARB,2026-09-06T00:00:00Z,0.17764357253493449,34.8101932362366,499029395.36119866,1186317266.0423987,15,126.93244312215572,25.936019218475217,none,0.0,0.0,Skip,0,0.0,0.0,N/A,-999,-999
AVAX,2026-09-06T00:00:00Z,7.591598287876626,2.790021415576116,215364667.55696887,3277839281.2260547,10,18.0104532775784,-3.1252393193078265,bullish,3.82,8.82,Skip,0,0.0,0.0,N/A,-999,-999
BTC,2026-09-06T00:00:00Z,79821.69873179746,0.18882726592706067,18822345309.3012,1602832641649.6875,1,24.211461276135626,-1.7756821490950703,none,99.94,99.94,Invest,0,9.996,102.5302,0.1888,2.5712,-999
DOGE,2026-09-06T00:00:00Z,0.08969060918380505,5.779217542671788,1176537383.4360747,13973439617.864592,5,29.94957501477673,-3.9503264420676087,neutral,1.2,1.2,Skip,0,0.0,0.0,N/A,-999,-999
DOT,2026-09-06T00:00:00Z,0.9153334527770048,1.734741019166619,123847043.11056969,1557357431.647069,13,11.544608532675005,-2.563134302499004,none,1.78,1.78,Skip,0,0.0,0.0,N/A,-999,-999
ETH,2026-09-06T00:00:00Z,2480.0031686031184,0.9738303679214022,6784086852.01072,302612300112.52106,2,30.378107326764226,-1.3902528765175504,none,95.58,95.58,Invest,0,9.738,88.995,0.9738,1.5393,-999
LINK,2026-09-06T00:00:00Z,12.047500928730749,3.577911233107023,368240726.3397064,9012735088.477236,6,47.20355281597761,0.45986941867972586,bullish,1.15,6.15,Skip,0,0.0,0.0,N/A,-999,-999
LTC,2026-09-06T00:00:00Z,54.68767041943571,7.7433086038849686,477392717.7219992,4242414383.8019238,9,20.447037401856385,2.9324933138483056,none,5.11,5.11,Skip,0,0.0,0.0,N/A,-999,-999
NEAR,2026-09-06T00:00:00Z,2.19166557571438,0.9103713890882936,409993946.1982354,2861291497.3592396,11,32.322581521894975,0.9103713890882936,bullish,1.2,6.2,Skip,0,0.0,0.0,N/A,-999,-999
PEPE,2026-09-06T00:00:00Z,3.6093556251917255e-06,2.359151004987292,241562044.82949868,1518419817.961907,14,28.665097323384558,-12.439400907792376,none,7.24,7.24,Skip,0,0.0,0.0,N/A,-999,-999
SOL,2026-09-06T00:00:00Z,103.16637621681609,1.2138836479971715,2412215423.509618,60398300212.47523,4,42.04269514000853,-5.50565862322332,none,51.27,51.27,Invest,0,5.939,49.0945,1.2139,1.459,-999
UNI,2026-09-06T00:00:00Z,7.048641772873636,14.01339893537832,822885270.4772893,4392801123.256753,8,75.6558341081377,11.392007896514823,none,0.09,0.09,Skip,0,0.0,0.0,N/A,-999,-999
XRP,2026-09-06T00:00:00Z,1.4122708256630054,0.9706987009729051,1462719239.6682935,88612233673.1505,3,36.6009066935153,-7.118293887392923,none,10.78,10.78,Skip,0,0.0,0.0,N/A,-999,-999
AAVE,2026-09-07T00:00:00Z,136.82613673531023,1.788395009781385,252251643.86605176,2110855995.6107893,12,52.25007986381351,-3.3239076537552092,none,13.73,13.73,Skip,0,0.0,0.0,N/A,-999,-999
ADA,2026-09-07T00:00:00Z,0.22332470639643617,2.313556317148735,384877412.1254871,8377017478.661815,7,11.215475708636635,-2.522880607559086,none,1.29,1.29,Skip,0,0.0,0.0,N/A,-999,-999
ARB,2026-09-07T00:00:00Z,0.18933387703114857,6.580764127514449,776154166.7074219,1264386007.1246269,15,139.43857945685644,6.580764127514449,none,0.05,0.05,Skip,0,0.0,0.0,N/A,-999,-999
AVAX,2026-09-07T00:00:00Z,7.9019838410484935,4.088540270466323,250638164.5581437,3411855060.2401457,10,22.890035983898205,0.8355242830401455,bullish,2.01,7.01,Skip,0,0.0,0.0,N/A,-999,-999
BTC,2026-09-07T00:00:00Z,80329.3478460037,0.6359788406808509,19671698954.25346,1613068250021.681,1,23.81265388856926,-1.1509962711602206,none,99.93,99.93,Invest,0,9.996,103.1823,0.636,3.2235,-999
DOGE,2026-09-07T00:00:00Z,0.09085579473273796,1.299116551371693,906228143.1368648,14156169272.66873,5,30.53287871788961,-2.702529235338036,neutral,0.89,0.89,Skip,0,0.0,0.0,N/A,-999,-999
DOT,2026-09-07T00:00:00Z,0.9791951924771212,6.976882523671346,171027400.7691291,1666155633.8725028,13,19.71580429482973,4.234921351963061,none,0.58,0.58,Skip,0,0.0,0.0,N/A,-999,-999
ETH,2026-09-07T00:00:00Z,2514.0092688310365,1.3712119669214928,9948019407.716267,306769108939.70807,2,31.41812729155815,-0.03810422340934094,none,95.16,95.16,Invest,0,9.738,90.2153,1.3712,2.9316,-999
LINK,2026-09-07T00:00:00Z,13.237155745219605,9.874702011035176,706157776.5140531,9902715821.50837,6,61.793821521017136,9.874702011035176,bullish,0.25,5.25,Skip,0,0.0,0.0,N/A,-999,-999
LTC,2026-09-07T00:00:00Z,54.95056554836963,0.48072102343654777,294506695.59220296,4263025273.395138,9,20.729816227886456,0.48072102343654777,none,6.47,6.47,Skip,0,0.0,0.0,N/A,-999,-999
NEAR,2026-09-07T00:00:00Z,2.436852334393612,11.187234101594745,627289398.4130265,3181589561.816076,11,53.19605187391754,11.187234101594745,bullish,0.18,5.18,Skip,0,0.0,0.0,N/A,-999,-999
PEPE,2026-09-07T00:00:00Z,3.6535074807953536e-06,1.2232614402268194,187819663.17923823,1536994062.0957973,14,29.944843448857128,-11.368305862265803,none,5.55,5.55,Skip,0,0.0,0.0,N/A,-999,-999
SOL,2026-09-07T00:00:00Z,106.49007263898544,3.221685731390056,3863864843.326644,62344054346.877556,4,44.653231031945474,-2.4613479101166957,none,42.44,42.44,Skip,0,5.939,0.0,3.2217,4.7276,4.7276
UNI,2026-09-07T00:00:00Z,7.291165865788254,3.440720932193786,924325866.9323186,4543945151.014291,8,83.26705024143293,3.440720932193786,none,0.32,0.32,Skip,0,0.0,0.0,N/A,-999,-999
XRP,2026-09-07T00:00:00Z,1.4226486567524865,0.7348329301222423,1456470169.8882015,89263385546.29767,3,39.395222857566736,-6.435768524818119,none,9.26,9.26,Skip,0,0.0,0.0,N/A,-999,-999
AAVE,2026-09-08T00:00:00Z,132.00900941159358,-3.5206192608034925,219139506.3271525,2036561429.3508909,12,44.75944474855067,-6.727504781489269,none,23.07,23.07,Skip,0,0.0,0.0,N/A,-999,-999
ADA,2026-09-08T00:00:00Z,0.220404566425868,-1.3075758690955008,471329781.45562834,8267481619.560921,7,10.557048525693592,-3.7974678986240518,none,1.71,1.71,Skip,0,0.0,0.0,N/A,-999,-999
ARB,2026-09-08T00:00:00Z,0.1693543914153281,-10.552514916563771,453636850.2802645,1130961485.1198556,15,116.53898276633319,-10.552514916563771,none,1.12,1.12,Skip,0,0.0,0.0,N/A,-999,-999
AVAX,2026-09-08T00:00:00Z,8.074275746115342,2.1803626599670167,405078867.6638163,3486245873.985817,10,24.672728050323546,2.1803626599670167,bullish,1.89,6.89,Skip,0,0.0,0.0,N/A,-999,-999
BTC,2026-09-08T00:00:00Z,79093.4641898418,-1.5385207141618507,23156361224.106297,1588284950144.5952,1,21.83738102676518,-2.6718086692710363,none,99.95,99.95,Invest,0,9.996,101.5948,-1.5385,1.6354,-999
DOGE,2026-09-08T00:00:00Z,0.09048297033663322,-0.41034740513958834,812397572.9503841,14099236171.752066,5,28.563987115916433,-3.1017868818872696,neutral,0.96,0.96,Skip,0,0.0,0.0,N/A,-999,-999
DOT,2026-09-08T00:00:00Z,1.0619412356645181,8.450413546054092,381718425.0886682,1807127539.4101956,13,30.364876653794482,8.450413546054092,none,0.34,0.34,Skip,0,0.0,0.0,N/A,-999,-999
ETH,2026-09-08T00:00:00Z,2489.3967543757462,-0.9790144674659329,11300837599.905233,303773075685.29297,2,29.964217253208723,-1.0167456450153822,none,96.1,96.1,Invest,0,9.738,89.3321,-0.979,1.9239,-999
LINK,2026-09-08T00:00:00Z,12.742965020959987,-3.733360351509707,673886837.8503796,9533011755.305498,6,53.51387793044364,-3.733360351509707,bullish,2.72,7.72,Skip,0,0.0,0.0,N/A,-999,-999
LTC,2026-09-08T00:00:00Z,55.20228907963863,0.4580908836095965,495467927.59536064,4282736661.4858394,8,20.05785471562529,0.4580908836095965,none,5.44,5.44,Skip,0,0.0,0.0,N/A,-999,-999
NEAR,2026-09-08T00:00:00Z,2.305430039336974,-5.393116899278228,359441108.16411865,3010255846.79413,11,43.11464314326949,-5.393116899278228,bullish,2.78,7.78,Skip,0,0.0,0.0,N/A,-999,-999
PEPE,2026-09-08T00:00:00Z,3.6232046767907043e-06,-0.8294167772732286,208301352.0404681,1524245975.4790814,14,26.99478628605554,-12.103432003425663,none,6.81,6.81,Skip,0,0.0,0.0,N/A,-999,-999
SOL,2026-09-08T00:00:00Z,103.77243552193976,-2.5520098256095802,3172099568.11245,60827841128.714325,4,36.61494008827289,-4.950543895217663,none,54.63,54.63,Invest,1,5.463,44.6662,0.0,0.0,-999
UNI,2026-09-08T00:00:00Z,6.853478920682117,-6.002976110581438,597874166.8111806,4271173209.12098,9,71.17499207333702,-6.002976110581438,none,2.33,2.33,Skip,0,0.0,0.0,N/A,-999,-999
XRP,2026-09-08T00:00:00Z,1.3960935547617492,-1.8665959346108152,2072353839.530008,87597198820.5945,3,34.37751137532241,-8.182234665783717,none,14.43,14.43,Skip,0,0.0,0.0,N/A,-999,-999
AAVE,2026-09-09T00:00:00Z,128.83269451451525,-2.406134938241089,205695353.99668,1987564979.41406,13,42.23509101373952,-8.971766876711118,neutral,39.14,39.14,Skip,0,0.0,0.0,N/A,-999,-999
ADA,2026-09-09T00:00:00Z,0.21941171791567463,-0.4504663974497669,570309994.4066997,8230239392.949464,7,12.84766864712208,-4.230827979236573,neutral,1.85,1.85,Skip,0,0.0,0.0,N/A,-999,-999
ARB,2026-09-09T00:00:00Z,0.16494714950236716,-2.602378288586882,279099033.8148279,1101529588.9788167,15,112.19765272495098,-12.880276848062099,none,1.49,1.49,Skip,0,0.0,0.0,N/A,-999,-999
AVAX,2026-09-09T00:00:00Z,8.008609352586902,-0.8132790555243741,303648814.7330698,3457892966.468608,10,24.7802094732571,-0.8132790555243741,bullish,2.76,7.76,Skip,0,0.0,0.0,N/A,-999,-999
BTC,2026-09-09T00:00:00Z,78450.75303870205,-0.8125970429074925,36832978946.46288,1575415387009.9504,1,20.961259880176343,-3.4626946739398923,none,99.96,99.96,Invest,0,9.996,100.7692,-0.8126,0.8095,-999
DOGE,2026-09-09T00:00:00Z,0.0900438187758932,-0.4853416715943304,896398144.13239,14031981775.069078,5,29.883004790202715,-3.5720742891797608,neutral,1.04,1.04,Skip,0,0.0,0.0,N/A,-999,-999
DOT,2026-09-09T00:00:00Z,1.2475304252917225,17.47640861794677,418634027.85411555,2123131987.375826,12,56.20235926310446,17.47640861794677,none,0.04,0.04,Skip,0,0.0,0.0,N/A,-999,-999
ETH,2026-09-09T00:00:00Z,2485.0697039871584,-0.17381923475966454,11965805217.194431,303252321699.8239,2,30.18055823299488,-1.1887975802754247,none,96.25,96.25,Invest,0,9.738,89.1768,-0.1738,1.7467,-999
LINK,2026-09-09T00:00:00Z,12.510020760613248,-1.8280224419009672,3880794520.124203,9358746161.029455,6,52.90876035768643,-5.493136128348041,bullish,6.34,11.34,Skip,0,0.0,0.0,N/A,-999,-999
LTC,2026-09-09T00:00:00Z,54.29394224661684,-1.6454876204705093,318685021.83981276,4212621064.6999207,8,19.559894638877818,-1.6454876204705093,none,6.48,6.48,Skip,0,0.0,0.0,N/A,-999,-999
NEAR,2026-09-09T00:00:00Z,2.320387177080241,0.6487786438129639,366937292.30915266,3029975658.261156,11,45.20337573093531,-4.779327646143661,bullish,2.44,7.44,Skip,0,0.0,0.0,N/A,-999,-999
PEPE,2026-09-09T00:00:00Z,3.6559837849096976e-06,0.9046993212657117,215882850.26556486,1538035818.4736607,14,26.899079805811233,-11.308232349344793,none,6.14,6.14,Skip,0,0.0,0.0,N/A,-999,-999
SOL,2026-09-09T00:00:00Z,103.36010446946287,-0.3973415969308225,3027354961.31718,60594963910.86521,4,35.61880852864703,-5.32821492197847,none,56.2,56.2,Invest,0,5.463,44.4887,-0.3973,-0.3973,-999
UNI,2026-09-09T00:00:00Z,6.74787291968688,-1.5409108602719157,586846414.0036871,4205358237.28061,9,69.27454856718585,-7.451386460025877,none,2.99,2.99,Skip,0,0.0,0.0,N/A,-999,-999
XRP,2026-09-09T00:00:00Z,1.4172841566021832,1.5178497005560843,2445589456.406519,88926792640.58841,3,37.726293045911994,-6.7885789896010245,none,11.8,11.8,Skip,0,0.0,0.0,N/A,-999,-999
AAVE,2026-09-10T00:00:00Z,125.78963329921156,-2.362025592005945,207516987.84591383,1940622145.732977,12,40.998284444854896,-11.121877039034034,bearish,38.24,33.24,Skip,0,0.0,0.0,N/A,-999,-999
ADA,2026-09-10T00:00:00Z,0.21189838633875757,-3.424307347069133,466241924.5566574,7948410700.735317,7,11.117072808176843,-7.510258772970846,neutral,2.96,2.96,Skip,0,0.0,0.0,N/A,-999,-999
ARB,2026-09-10T00:00:00Z,0.14944783150444216,-9.396535826587638,337505934.188342,998023966.5099587,15,86.9685095503167,-21.06651284605792,none,9.21,9.21,Skip,0,0.0,0.0,N/A,-999,-999
AVAX,2026-09-10T00:00:00Z,7.7960849230633045,-2.6536995396703733,248646493.43306705,3366130876.735136,10,21.225817473990727,-3.44539661264206,bullish,4.11,9.11,Skip,0,0.0,0.0,N/A,-999,-999
BTC,2026-09-10T00:00:00Z,78283.06047169256,-0.2137552037604573,34938279858.59001,1572081359789.2556,1,22.47858602537438,-3.6690481876444747,none,99.96,99.96,Invest,0,9.996,100.5538,-0.2138,0.5941,-999
DOGE,2026-09-10T00:00:00Z,0.08615898234149003,-4.314384359988111,917111421.3783361,13427904657.21929,5,23.713364250479675,-7.732345634708338,neutral,2.28,2.28,Skip,0,0.0,0.0,N/A,-999,-999
DOT,2026-09-10T00:00:00Z,1.1223693443563063,-10.032707691770204,273686746.3775773,1910301918.9552977,13,39.443661458394594,-10.032707691770204,none,5.72,5.72,Skip,0,0.0,0.0,N/A,-999,-999
ETH,2026-09-10T00:00:00Z,2467.529167979314,-0.7058367811454747,13328861510.407354,301119066908.05597,2,31.854881892058916,-1.8862433908459542,none,96.61,96.61,Invest,0,9.738,88.5474,-0.7058,1.0286,-999
LINK,2026-09-10T00:00:00Z,11.80498523618216,-5.635766222313821,6908817186.3624115,8831309106.054066,6,42.39539391043261,-10.8193220401947,bullish,18.94,23.94,Skip,0,0.0,0.0,N/A,-999,-999
LTC,2026-09-10T00:00:00Z,53.18605113306241,-2.040542770908216,289552578.53280354,4126695965.897421,8,17.94228683133452,-3.6524535126930213,none,8.6,8.6,Skip,0,0.0,0.0,N/A,-999,-999
NEAR,2026-09-10T00:00:00Z,2.4848168147865453,7.086301774568815,714688281.3249236,3244892368.6897497,11,55.33232781810378,1.9682965486240267,bullish,0.88,5.88,Skip,0,0.0,0.0,N/A,-999,-999
PEPE,2026-09-10T00:00:00Z,3.4753009123307485e-06,-4.942113619998234,251988797.3132725,1462024340.8084226,14,20.957503353340854,-15.691480278225011,none,13.53,13.53,Skip,0,0.0,0.0,N/A,-999,-999
SOL,2026-09-10T00:00:00Z,101.56828258356754,-1.7335720538331212,3168430582.0312,59544411952.82272,4,33.77488790357073,-6.969418530956006,none,63.5,63.5,Invest,0,5.463,43.7175,-1.7336,-2.124,-999
UNI,2026-09-10T00:00:00Z,6.158707279106767,-8.731131240797762,578896866.6751231,3838182890.4379406,9,56.24195644715311,-15.53192736973974,none,12.17,12.17,Skip,0,0.0,0.0,N/A,-999,-999
XRP,2026-09-10T00:00:00Z,1.3947406589248457,-1.5906124098207353,2484083693.1414204,87512312041.19165,3,37.91682838760444,-8.271211419562686,none,14.39,14.39,Skip,0,0.0,0.0,N/A,-999,-999
AAVE,2026-09-11T00:00:00Z,120.62792848738104,-4.103442133067158,199334377.54303318,1860992803.9526658,13,36.74417354068502,-14.768939383693546,bearish,63.11,58.11,Invest,1,5.811,44.9159,0.0,0.0,-999
ADA,2026-09-11T00:00:00Z,0.20459484058526867,-3.44672079843632,407437792.6054918,7674451175.967935,7,9.442365601456926,-10.698121920262793,neutral,4.73,4.73,Skip,0,0.0,0.0,N/A,-999,-999
ARB,2026-09-11T00:00:00Z,0.1399010030357258,-6.3880675769006245,201223616.14245635,934269521.0956384,15,74.49774199343658,-26.10883734625591,none,19.6,19.6,Skip,0,0.0,0.0,N/A,-999,-999
AVAX,2026-09-11T00:00:00Z,7.424925698916045,-4.760841214662149,213920955.61105332,3205874730.616061,10,17.56737567814275,-8.04220796536097,bullish,8.14,13.14,Skip,0,0.0,0.0,N/A,-999,-999
BTC,2026-09-11T00:00:00Z,76554.98664973286,-2.2074683993538735,30257901047.74022,1537413069633.6875,1,20.487766264071094,-5.79552350769903,none,99.97,99.97,Invest,0,9.996,98.3341,-2.2075,-1.6265,-999
DOGE,2026-09-11T00:00:00Z,0.08287790542243915,-3.808165823090115,786007725.120317,12917587899.018991,5,15.369692751381736,-11.246050914014294,neutral,4.41,4.41,Skip,0,0.0,0.0,N/A,-999,-999
DOT,2026-09-11T00:00:00Z,1.0959952874874024,-2.34985541983328,165260955.87194794,1865580788.138248,12,38.8002689151435,-12.14680898615239,none,4.61,4.61,Skip,0,0.0,0.0,N/A,-999,-999
ETH,2026-09-11T00:00:00Z,2437.514812545618,-1.21637287304186,15266781786.913017,297463477324.3543,2,29.6215208496331,-3.079672510962017,none,97.41,97.41,Invest,0,9.738,87.4703,-1.2164,-0.2003,-999
LINK,2026-09-11T00:00:00Z,11.466747314481822,-2.865212577002152,1107614832.8990965,8578273326.833468,6,30.746241844636877,-13.374538041354834,bullish,19.15,24.15,Skip,0,0.0,0.0,N/A,-999,-999
LTC,2026-09-11T00:00:00Z,52.10780988571986,-2.0273008136005077,245090029.65565607,4043219431.220969,8,14.633708624837993,-5.605708106514317,none,11.39,11.39,Skip,0,0.0,0.0,N/A,-999,-999
NEAR,2026-09-11T00:00:00Z,2.4429785888589204,-1.6837549423625808,430366094.0189003,3190455467.571304,11,51.001773577598854,-1.6837549423625808,bullish,1.47,6.47,Skip,0,0.0,0.0,N/A,-999,-999
PEPE,2026-09-11T00:00:00Z,3.2338396695297777e-06,-6.947923327854566,229901005.92838496,1360444010.5744822,14,14.086056213386255,-21.549171587343096,none,30.56,30.56,Skip,0,0.0,0.0,N/A,-999,-999
SOL,2026-09-11T00:00:00Z,98.63125822911633,-2.891674723390847,2882460938.581129,57830981442.72209,4,29.40982638267837,-9.659560340319883,none,73.56,73.56,Invest,0,5.463,42.4533,-2.8917,-4.9543,-999
UNI,2026-09-11T00:00:00Z,5.948949473944197,-3.4058739221811574,572709578.239778,3707459220.2868958,9,58.747685749703216,-18.408803428022814,none,16.69,16.69,Skip,0,0.0,0.0,N/A,-999,-999
XRP,2026-09-11T00:00:00Z,1.3340102087604153,-4.354246775256787,2218658274.2132845,83881507857.35445,3,30.555227011741472,-12.265309238308497,none,26.03,26.03,Skip,0,0.0,0.0,N/A,-999,-999
AAVE,2026-09-12T00:00:00Z,124.9936749048388,3.6191837762632684,224341956.7378757,1928348155.2279181,12,42.191525362245216,-11.68427066553106,bearish,40.24,35.24,Skip,0,5.811,0.0,3.6192,3.6192,3.6192
ADA,2026-09-12T00:00:00Z,0.20624188311776986,0.8050264257835726,590698003.2559946,7737520156.817241,7,13.046623157985993,-9.979218202999874,neutral,4.44,4.44,Skip,0,0.0,0.0,N/A,-999,-999
ARB,2026-09-12T00:00:00Z,0.13954158034148503,-0.25691216391707794,209309695.45671582,931869269.052174,15,88.45599079148907,-26.298672731173134,none,15.66,15.66,Skip,0,0.0,0.0,N/A,-999,-999
AVAX,2026-09-12T00:00:00Z,7.4595901367185835,0.46686578705561477,336910962.463582,3300818281.3671427,10,18.155046029304224,-7.612888495819492,neutral,8.97,8.97,Skip,0,0.0,0.0,N/A,-999,-999
BTC,2026-09-12T00:00:00Z,77203.53444805603,0.8471659740344695,35407367571.01674,1550479277152.1194,1,21.755571263816798,-4.997455236838954,none,99.97,99.97,Invest,0,9.996,99.1672,0.8472,-0.7931,-999
DOGE,2026-09-12T00:00:00Z,0.08428306577024669,1.695458325889465,795504695.8046607,13137807994.889488,5,21.063609800566784,-9.741264694680252,neutral,3.12,3.12,Skip,0,0.0,0.0,N/A,-999,-999
DOT,2026-09-12T00:00:00Z,1.0404344053730286,-5.069445347867196,228686861.8150161,1771158924.7733397,13,34.52772735442304,-16.60047849095677,none,14.77,14.77,Skip,0,0.0,0.0,N/A,-999,-999
ETH,2026-09-12T00:00:00Z,2514.846819245876,3.1725758671183657,24774688367.63771,306908073951.8628,2,33.92919634568556,-0.0048015907127108015,none,96.2,96.2,Invest,0,9.738,90.2454,3.1726,2.9659,-999
LINK,2026-09-12T00:00:00Z,11.546360706163469,0.6942979512690517,522460468.8363477,8637832102.795933,6,33.27436132094563,-12.773099233698604,bullish,13.62,18.62,Skip,0,0.0,0.0,N/A,-999,-999
LTC,2026-09-12T00:00:00Z,53.27593823801227,2.2417529250496004,264467689.17440552,4134027239.756795,8,18.795636069634437,-3.4896213069122384,none,8.03,8.03,Skip,0,0.0,0.0,N/A,-999,-999
NEAR,2026-09-12T00:00:00Z,2.3634977407657054,-3.2534402248011185,613595463.1472499,3086849294.510615,11,43.88081950756535,-4.882415206581802,bullish,3.12,8.12,Skip,0,0.0,0.0,N/A,-999,-999
PEPE,2026-09-12T00:00:00Z,3.301082187175982e-06,2.0793398720345913,266010532.86102188,1388732265.3230639,14,23.420046540859985,-19.917912232217272,none,22.55,22.55,Skip,0,0.0,0.0,N/A,-999,-999
SOL,2026-09-12T00:00:00Z,102.39440297526501,3.8153672717091913,4675132943.881123,60066931771.41947,4,35.51622694428684,-6.212740772426251,none,63.08,63.08,Invest,0,5.463,44.0731,3.8154,-1.3279,-999
UNI,2026-09-12T00:00:00Z,6.007699046237661,0.9875621326216111,680456762.1225827,3744072683.6288376,9,68.21859607121257,-17.60303966712511,none,13.22,13.22,Skip,0,0.0,0.0,N/A,-999,-999
XRP,2026-09-12T00:00:00Z,1.3557713966363036,1.631260970342141,2777899179.476622,85249834156.36595,3,34.9645074462098,-10.83412747046265,none,21.68,21.68,Skip,0,0.0,0.0,N/A,-999,-999
AAVE,2026-09-13T00:00:00Z,125.54545068666184,0.4414429628084138,145655738.4427316,1936862140.2554252,12,42.912412547599544,-11.294407093331127,bearish,35.0,30.0,Skip,0,0.0,0.0,N/A,-999,-999
ADA,2026-09-13T00:00:00Z,0.20733433395890186,0.5296939809787293,224745649.0231291,7778505335.364917,7,13.763833572717733,-9.502383540191184,neutral,2.95,2.95,Skip,0,0.0,0.0,N/A,-999,-999
ARB,2026-09-13T00:00:00Z,0.14040666075194802,0.6199445415093985,108764115.94135533,937646341.7196665,15,86.7674714266568,-25.841765375750057,none,12.55,12.55,Skip,0,0.0,0.0,N/A,-999,-999
AVAX,2026-09-13T00:00:00Z,7.399125933471284,-0.8105566410368081,153320212.76836866,3274093808.0973573,10,14.728438424125013,-8.36173836357872,neutral,8.33,8.33,Skip,0,0.0,0.0,N/A,-999,-999
BTC,2026-09-13T00:00:00Z,77261.62722069985,0.07524626049719707,15195615506.929926,1551683581240.4167,1,21.807704848459863,-4.925969374527495,none,99.96,99.96,Invest,0,9.996,99.2418,0.0752,-0.7185,-999
DOGE,2026-09-13T00:00:00Z,0.08481002055747426,0.6252202413519647,334374181.0494444,13221051608.110947,5,20.9603888590429,-9.176948811963104,neutral,2.15,2.15,Skip,0,0.0,0.0,N/A,-999,-999
DOT,2026-09-13T00:00:00Z,1.0185189947162405,-2.1063711987619915,107883914.74002391,1733988220.6532612,13,31.9247977917539,-18.357181991928574,none,15.62,15.62,Skip,0,0.0,0.0,N/A,-999,-999
ETH,2026-09-13T00:00:00Z,2525.267261590238,0.4143569407335512,7645722055.298775,308187084056.6601,2,34.00950386562545,0.4095354542964502,none,94.06,94.06,Invest,0,9.738,90.6193,0.4144,3.3925,-999
LINK,2026-09-13T00:00:00Z,11.502007742833564,-0.3841293759879627,223481159.50617957,8604651652.240576,6,29.53802326375865,-13.108163383305826,bullish,11.86,16.86,Skip,0,0.0,0.0,N/A,-999,-999
LTC,2026-09-13T00:00:00Z,53.65584712276986,0.7130965635186559,142910082.947835,4163737566.5361176,8,19.812825359880136,-2.801409113012987,none,5.85,5.85,Skip,0,0.0,0.0,N/A,-999,-999
NEAR,2026-09-13T00:00:00Z,2.3702719349774926,0.2866173339176825,267974105.52331963,3095957559.643779,11,44.6159149636862,-4.609791720960022,bullish,2.23,7.23,Skip,0,0.0,0.0,N/A,-999,-999
PEPE,2026-09-13T00:00:00Z,3.425435747501506e-06,3.7670543559506386,125010808.61475897,1441046564.6164086,14,27.608608947441283,-16.90117645662479,none,11.32,11.32,Skip,0,0.0,0.0,N/A,-999,-999
SOL,2026-09-13T00:00:00Z,101.75239313261922,-0.62699700764004,1805260183.2361066,59691262241.9212,4,33.529631768666924,-6.800784081330747,none,58.43,58.43,Invest,0,5.463,43.7967,-0.627,-1.9466,-999
UNI,2026-09-13T00:00:00Z,6.370444231878948,6.038005280381964,450504061.2143286,3970139989.967685,9,83.3220127506061,-12.6279068513519,none,4.27,4.27,Skip,0,0.0,0.0,N/A,-999,-999
XRP,2026-09-13T00:00:00Z,1.3662323076269962,0.7715836915165974,991369818.3760031,85907607973.76141,3,35.484100784519825,-10.14613813962626,none,14.72,14.72,Skip,0,0.0,0.0,N/A,-999,-999
AAVE,2026-09-14T00:00:00Z,124.4183448129169,-0.8977671971228895,190742809.00347415,1919478473.6148384,12,44.03612229324132,-12.090776808460557,bearish,39.35,34.35,Skip,0,0.0,0.0,N/A,-999,-999
ADA,2026-09-14T00:00:00Z,0.20364724749640367,-1.7783289395904123,233136346.89469558,7640177923.918538,7,13.14634348163466,-11.1117288433355,neutral,3.86,3.86,Skip,0,0.0,0.0,N/A,-999,-999
ARB,2026-09-14T00:00:00Z,0.1332775027622873,-5.077506972589829,128854826.19714388,890037283.340617,15,79.01136199204598,-29.607154909545873,none,24.35,24.35,Skip,0,0.0,0.0,N/A,-999,-999
AVAX,2026-09-14T00:00:00Z,7.295614046828764,-1.398974521764329,169105732.4011948,3228334557.8274665,10,12.72554668398902,-9.64373429605998,neutral,10.66,10.66,Skip,0,0.0,0.0,N/A,-999,-999
BTC,2026-09-14T00:00:00Z,76819.04496746542,-0.5728357907479498,16138951580.829597,1542831471374.2715,1,21.965406707632006,-5.470587449656872,none,99.96,99.96,Invest,0,9.996,98.6733,-0.5728,-1.2872,-999
DOGE,2026-09-14T00:00:00Z,0.08243348918435088,-2.8021822863641965,406197517.81676894,12851709575.358349,5,17.757297546024308,-11.721976264289768,neutral,3.62,3.62,Skip,0,0.0,0.0,N/A,-999,-999
DOT,2026-09-14T00:00:00Z,0.999808250523993,-1.8370540254342815,114549751.43852933,1702300935.0725887,13,30.813977983152284,-19.857004666623833,none,19.56,19.56,Skip,0,0.0,0.0,N/A,-999,-999
ETH,2026-09-14T00:00:00Z,2476.682526163658,-1.9239442955429786,9592266575.143324,302264990103.7054,2,31.715415107842038,-1.9239442955429786,none,96.28,96.28,Invest,0,9.738,88.8759,-1.9239,1.4033,-999
LINK,2026-09-14T00:00:00Z,11.208686939570802,-2.55017045563648,282848022.19543844,8385218367.9946995,6,25.03213938801112,-15.324053329064691,bullish,18.36,23.36,Skip,0,0.0,0.0,N/A,-999,-999
LTC,2026-09-14T00:00:00Z,53.763873271867766,0.20133155078276843,221439179.94681865,4172319410.84099,8,22.729170253703224,-2.6057176826412176,none,6.17,6.17,Skip,0,0.0,0.0,N/A,-999,-999
NEAR,2026-09-14T00:00:00Z,2.2993835031069256,-2.9907299168709156,228252580.40162545,3003554118.011421,11,40.244888271502454,-7.462655217726743,neutral,3.56,3.56,Skip,0,0.0,0.0,N/A,-999,-999
PEPE,2026-09-14T00:00:00Z,3.3645362663060315e-06,-1.7778608528825623,150461919.96706635,1415426761.8722844,14,26.28120511594374,-18.378557909608418,none,15.0,15.0,Skip,0,0.0,0.0,N/A,-999,-999
SOL,2026-09-14T00:00:00Z,99.3260052236567,-2.3846003364265678,2098694603.1006677,58277619413.77751,4,31.844893446776567,-9.02321289767426,none,68.22,68.22,Invest,0,5.463,42.7523,-2.3846,-4.2848,-999
UNI,2026-09-14T00:00:00Z,6.125305764473013,-3.848059232340728,344003298.83650976,3817366651.5468826,9,91.58693618329448,-15.990036748247793,none,5.29,5.29,Skip,0,0.0,0.0,N/A,-999,-999
XRP,2026-09-14T00:00:00Z,1.341587719478689,-1.8038358491984652,1098768626.653035,84357975743.94183,3,34.34069668139017,-11.766954311752952,none,19.02,19.02,Skip,0,0.0,0.0,N/A,-999,-999
AAVE,2026-09-15T00:00:00Z,128.20495737801633,3.0434519690751616,229225962.16377848,1977908950.4296176,12,48.846069681830606,-9.415301824238986,bearish,29.37,24.37,Skip,0,0.0,0.0,N/A,-999,-999
ADA,2026-09-15T00:00:00Z,0.20852855311662802,2.396941613615744,419001008.1340679,7823308527.931225,7,18.30237571647626,-8.981128882357803,neutral,3.04,3.04,Skip,0,0.0,0.0,N/A,-999,-999
ARB,2026-09-15T00:00:00Z,0.13369155367722543,0.3106682721063736,155478984.5737905,892802346.7898737,15,83.83773607418593,-29.388466674016843,none,22.95,22.95,Skip,0,0.0,0.0,N/A,-999,-999
AVAX,2026-09-15T00:00:00Z,7.5615222095247745,3.64476740393902,257139254.52713543,3346057715.7031593,10,19.560981849740642,-6.350458576266249,neutral,6.71,6.71,Skip,0,0.0,0.0,N/A,-999,-999
BTC,2026-09-15T00:00:00Z,78173.35158344489,1.762982886018749,32369566520.9512,1570066504182.9238,1,24.023562580277957,-3.8040500841402647,none,99.96,99.96,Invest,0,9.996,100.4129,1.763,0.4531,-999
DOGE,2026-09-15T00:00:00Z,0.08363319655779215,1.4553640581175697,642870076.511084,13039873603.86547,5,20.23512439928188,-10.437209635623745,neutral,3.29,3.29,Skip,0,0.0,0.0,N/A,-999,-999
DOT,2026-09-15T00:00:00Z,1.003482573549288,0.36750277099326656,136471010.0623195,1708715389.5228877,13,31.915186755284974,-19.562476938016673,none,19.42,19.42,Skip,0,0.0,0.0,N/A,-999,-999
ETH,2026-09-15T00:00:00Z,2514.759550467769,1.5374204768622945,16123922989.756006,306919471184.89514,2,33.69559579179315,-0.41610293224377815,none,95.93,95.93,Invest,0,9.738,90.2422,1.5374,2.9623,-999
LINK,2026-09-15T00:00:00Z,11.514639932652168,2.729606016573083,383289530.22341573,8614101793.070274,6,21.695359494697275,-13.01273359414462,bullish,16.02,21.02,Skip,0,0.0,0.0,N/A,-999,-999
LTC,2026-09-15T00:00:00Z,53.13126064300498,-1.176650026057191,212369892.54378033,4123389192.466079,8,20.56536702832641,-3.751707530906634,none,7.49,7.49,Skip,0,0.0,0.0,N/A,-999,-999
NEAR,2026-09-15T00:00:00Z,2.468122510711336,7.3384456040678,373948642.4354821,3224169277.4302297,11,52.54441195852522,-0.6718525074309478,neutral,1.16,1.16,Skip,0,0.0,0.0,N/A,-999,-999
PEPE,2026-09-15T00:00:00Z,3.452984444621351e-06,2.6288371209155503,206235368.86584657,1452636026.007756,14,31.57979315953312,-16.232863141309608,none,11.11,11.11,Skip,0,0.0,0.0,N/A,-999,-999
SOL,2026-09-15T00:00:00Z,102.51365308067487,3.209278224610368,3397711440.7817054,60164475439.16887,4,36.176778895191354,-6.103514679749178,none,59.74,59.74,Invest,0,5.463,44.1244,3.2093,-1.213,-999
UNI,2026-09-15T00:00:00Z,6.52865320247868,6.5849355691775635,483624932.7697236,4068737785.9905157,9,101.70794908086353,-10.45803479643016,none,2.13,2.13,Skip,0,0.0,0.0,N/A,-999,-999
XRP,2026-09-15T00:00:00Z,1.4231784835036279,6.0816570426452055,4299658994.015737,89488338516.8062,3,42.05593217806172,-6.400923074713316,none,12.23,12.23,Skip,0,0.0,0.0,N/A,-999,-999
AAVE,2026-09-16T00:00:00Z,122.15005575810984,-4.722829556468255,248043109.26501912,1884501226.2551422,12,42.13047438302857,-13.693462723321392,bearish,48.5,43.5,Skip,0,0.0,0.0,N/A,-999,-999
ADA,2026-09-16T00:00:00Z,0.19535417618237103,-6.317780820590402,455194128.4690069,7329049042.217973,7,11.751158802476702,-14.731501664946101,neutral,8.38,8.38,Skip,0,0.0,0.0,N/A,-999,-999
ARB,2026-09-16T00:00:00Z,0.15181634168746,13.557167608354415,415690749.61872363,1013841057.3554986,15,106.59020887406787,-19.815542750184278,none,5.46,5.46,Skip,0,0.0,0.0,N/A,-999,-999
AVAX,2026-09-16T00:00:00Z,7.267590558654447,-3.8872021099148557,298210891.3306241,3218219516.917863,10,14.921174419043481,-9.990805526415214,neutral,12.71,12.71,Skip,0,0.0,0.0,N/A,-999,-999
BTC,2026-09-16T00:00:00Z,75590.24471973324,-3.304331733755028,39803154169.39753,1518224622698.2222,1,20.282924601372088,-6.982683383797106,none,99.98,99.98,Invest,0,9.996,97.0949,-3.3043,-2.8662,-999
DOGE,2026-09-16T00:00:00Z,0.08005131873603101,-4.282842183708713,806985179.6353484,12482538728.775187,5,15.134199863859266,-14.273042602255847,neutral,6.98,6.98,Skip,0,0.0,0.0,N/A,-999,-999
DOT,2026-09-16T00:00:00Z,0.9441389981757788,-5.913762424753699,144200735.96241173,1607810523.4599698,13,24.53065312224927,-24.31936095225883,none,37.29,37.29,Skip,0,0.0,0.0,N/A,-999,-999
ETH,2026-09-16T00:00:00Z,2397.4972601650115,-4.6629623210276865,19487916667.87325,292614926206.1527,2,27.907321395567553,-5.05966253032425,none,98.3,98.3,Invest,0,9.738,86.0343,-4.663,-1.8388,-999
LINK,2026-09-16T00:00:00Z,10.88182146485707,-5.4957729594358184,410730131.07310843,8140690316.028442,6,15.970883723442464,-17.793356259430027,bullish,31.18,36.18,Skip,0,0.0,0.0,N/A,-999,-999
LTC,2026-09-16T00:00:00Z,51.234578026091576,-3.5698054101471977,237638627.4400736,3976394279.006381,8,16.16855781601345,-7.187584282642634,none,13.49,13.49,Skip,0,0.0,0.0,N/A,-999,-999
NEAR,2026-09-16T00:00:00Z,2.3352355734561585,-5.384130515339702,345314526.191804,3050767294.1558666,11,45.81126046633439,-6.019809606899984,neutral,2.92,2.92,Skip,0,0.0,0.0,N/A,-999,-999
PEPE,2026-09-16T00:00:00Z,3.383704622296261e-06,-2.0063751643308314,241455467.19516134,1423490697.5538142,14,31.576855858939766,-17.913546171113392,none,14.64,14.64,Skip,0,0.0,0.0,N/A,-999,-999
SOL,2026-09-16T00:00:00Z,96.87348479401192,-5.501870353039051,3869098601.540629,56867407460.06667,4,29.948240511393443,-11.26957756812972,none,79.49,79.49,Invest,0,5.463,41.6967,-5.5019,-6.6482,-999
UNI,2026-09-16T00:00:00Z,6.364785712694603,-2.50997387519164,758235400.7301024,3966613530.512103,9,94.5377827476642,-12.705514730372947,none,4.03,4.03,Skip,0,0.0,0.0,N/A,-999,-999
XRP,2026-09-16T00:00:00Z,1.2832801680810546,-9.829990900239505,5697321810.370769,80691642983.82863,3,29.270752404352773,-15.601703819177171,none,45.44,45.44,Skip,0,0.0,0.0,N/A,-999,-999
AAVE,2026-09-17T00:00:00Z,119.44762227067375,-2.2123882553010454,277878836.379794,1842810992.6044004,12,33.8377441971986,-15.60289841758764,bearish,61.07,56.07,Invest,1,5.607,43.4303,0.0,0.0,-999
ADA,2026-09-17T00:00:00Z,0.19616455499781751,0.41482543720485765,421656614.7906917,7360667555.709142,7,12.657329853844711,-14.377786243929691,neutral,7.63,7.63,Skip,0,0.0,0.0,N/A,-999,-999
ARB,2026-09-17T00:00:00Z,0.16806899287829474,10.705468864671763,561915077.5397359,1122377496.0879505,15,123.80512960940018,-11.2314206449992,none,1.14,1.14,Skip,0,0.0,0.0,N/A,-999,-999
AVAX,2026-09-17T00:00:00Z,7.472855299911044,2.8243850503130163,257481544.54273573,3309338160.390421,11,17.779330439809105,-7.448599293796121,neutral,11.57,11.57,Skip,0,0.0,0.0,N/A,-999,-999
BTC,2026-09-17T00:00:00Z,76146.81236783884,0.7362956029170142,30782581511.828445,1529436748434.9944,1,18.07291665843833,-6.2978009716006085,none,99.98,99.98,Invest,0,9.996,97.8098,0.7363,-2.151,-999
DOGE,2026-09-17T00:00:00Z,0.08084889356596386,0.9963294078425555,697675839.6356057,12607951309.169117,5,14.920978762207193,-13.418919715253462,neutral,5.91,5.91,Skip,0,0.0,0.0,N/A,-999,-999
DOT,2026-09-17T00:00:00Z,1.0186017172989736,7.886838618791114,209921481.5631028,1734771584.0507934,13,33.81189661747073,-18.350551084893674,none,18.24,18.24,Skip,0,0.0,0.0,N/A,-999,-999
ETH,2026-09-17T00:00:00Z,2415.9596535242995,0.770069424730746,15793566275.442846,294875323390.85944,2,26.3396523809843,-4.328556019734087,none,98.03,98.03,Invest,0,9.738,86.6968,0.7701,-1.0829,-999
LINK,2026-09-17T00:00:00Z,11.048076054907668,1.527819497751537,447209570.1171116,8265065369.928295,6,15.863828016679848,-16.53738712791446,bullish,27.96,32.96,Skip,0,0.0,0.0,N/A,-999,-999
LTC,2026-09-17T00:00:00Z,51.65523757667336,0.8210461894846866,253336416.20579123,4009224075.251902,9,16.005155149265104,-6.425551480026581,none,17.42,17.42,Skip,0,0.0,0.0,N/A,-999,-999
NEAR,2026-09-17T00:00:00Z,2.616014637728269,12.023586290977772,581957400.5777022,3417864276.71825,10,59.857378499671256,5.279979681439584,bearish,0.31,0.0,Skip,0,0.0,0.0,N/A,-999,-999
PEPE,2026-09-17T00:00:00Z,3.4061337333808685e-06,0.6628566493899868,197484057.64517206,1432926400.2959976,14,31.77310918735008,-17.369430653660167,none,12.77,12.77,Skip,0,0.0,0.0,N/A,-999,-999
SOL,2026-09-17T00:00:00Z,98.5424205832789,1.7227993736529168,3377208909.9956107,57859199208.321106,4,29.70716919909142,-9.740930406233883,none,74.74,74.74,Invest,0,5.463,42.4151,1.7228,-5.0399,-999
UNI,2026-09-17T00:00:00Z,6.694025980458844,5.1728413590982125,724595617.911007,4171800155.7740192,8,103.79791964566918,-8.189909492133774,none,1.14,1.14,Skip,0,0.0,0.0,N/A,-999,-999
XRP,2026-09-17T00:00:00Z,1.298304364425906,1.1707651001353625,3878131731.9447083,81636352578.60912,3,29.517887456154245,-14.613598022383222,none,38.43,38.43,Skip,0,0.0,0.0,N/A,-999,-999
AAVE,2026-09-18T00:00:00Z,128.54215685402488,7.6138263872197465,277909731.4450301,1983128252.5446844,12,46.91902386492111,-9.177049627257272,bearish,30.93,25.93,Skip,0,5.607,0.0,7.6138,7.6138,7.6138
ADA,2026-09-18T00:00:00Z,0.2025051150868813,3.232265935675449,366832307.35009456,7598583905.750643,7,16.1137474648654,-11.610248595321016,neutral,4.53,4.53,Skip,0,0.0,0.0,N/A,-999,-999
ARB,2026-09-18T00:00:00Z,0.17726838341168366,5.473579853037225,408254099.2589493,1202867840.7477238,15,135.6666357212386,-6.372601569596514,none,0.37,0.37,Skip,0,0.0,0.0,N/A,-999,-999
AVAX,2026-09-18T00:00:00Z,7.606190157317368,1.7842558440535061,281354541.63488245,3368451375.5618753,11,20.18858253904292,-5.797245517942306,none,9.05,9.05,Skip,0,0.0,0.0,N/A,-999,-999
BTC,2026-09-18T00:00:00Z,76371.3617203135,0.29489002295979283,23628097103.02466,1533982493868.1716,1,18.064275608890632,-6.021482535371936,none,99.97,99.97,Invest,0,9.996,98.0983,0.2949,-1.8625,-999
DOGE,2026-09-18T00:00:00Z,0.08167846627345039,1.0260779967380618,565974571.5857848,12738504694.722242,5,16.33367082131889,-12.530530301113574,neutral,4.7,4.7,Skip,0,0.0,0.0,N/A,-999,-999
DOT,2026-09-18T00:00:00Z,1.0787995223714966,5.909847200351237,251991321.6779482,1837459459.6852248,13,43.64762998739899,-13.525193414082059,none,8.38,8.38,Skip,0,0.0,0.0,N/A,-999,-999
ETH,2026-09-18T00:00:00Z,2446.143252227872,1.2493420020297963,11943767083.350086,298566484290.6061,2,27.6426316241966,-3.1332924861402267,none,97.35,97.35,Invest,0,9.738,87.7799,1.2493,0.1529,-999
LINK,2026-09-18T00:00:00Z,11.379932771786882,3.003751198216986,349229483.45964086,8513327370.010934,6,19.422469331544832,-14.030377893705982,neutral,18.46,18.46,Skip,0,0.0,0.0,N/A,-999,-999
LTC,2026-09-18T00:00:00Z,53.91391442431927,4.372599863263238,212885405.30187115,4184722459.677484,9,21.570992344449458,-2.3339152719929035,none,8.63,8.63,Skip,0,0.0,0.0,N/A,-999,-999
NEAR,2026-09-18T00:00:00Z,3.148546480125832,20.35660789956475,1280643766.6995935,4113881967.7740707,10,98.27621910335476,20.35660789956475,bearish,0.02,0.0,Skip,0,0.0,0.0,N/A,-999,-999
PEPE,2026-09-18T00:00:00Z,3.609962923918898e-06,5.9841804959229306,235504259.17747054,1518675302.4634411,14,39.77099300565181,-12.424668239166426,none,5.66,5.66,Skip,0,0.0,0.0,N/A,-999,-999
SOL,2026-09-18T00:00:00Z,101.56908350057118,3.071431470200614,3236156684.8238273,59642557336.919174,4,31.90463903560332,-6.9686849380206635,none,64.68,64.68,Invest,0,5.463,43.7178,3.0714,-2.1233,-999
UNI,2026-09-18T00:00:00Z,7.791475422424743,16.39446045129742,1248831290.5427935,4839382175.332207,8,136.67751840392452,6.8618594864787275,none,0.07,0.07,Skip,0,0.0,0.0,N/A,-999,-999
XRP,2026-09-18T00:00:00Z,1.2954485992654137,-0.21996114614889484,2324564957.374032,81456784321.80305,3,29.39696914474055,-14.801414930828493,none,35.05,35.05,Skip,0,0.0,0.0,N/A,-999,-999
AAVE,2026-09-19T00:00:00Z,139.48564283443642,8.51353847503833,354420536.25493336,2151986604.8057003,12,46.39572672946313,-1.4448028031088467,bearish,13.33,8.33,Skip,0,0.0,0.0,N/A,-999,-999
ADA,2026-09-19T00:00:00Z,0.22447159853263435,10.847372144811619,707623281.7265645,8422830579.743176,7,20.02439570072836,-2.0222833225816417,neutral,1.21,1.21,Skip,0,0.0,0.0,N/A,-999,-999
ARB,2026-09-19T00:00:00Z,0.2211848843021078,24.774017817059658,751501877.667647,1500866533.9302459,15,147.3132144795696,16.82266679920108,none,0.01,0.01,Skip,0,0.0,0.0,N/A,-999,-999
AVAX,2026-09-19T00:00:00Z,8.202547411691457,7.840420000548853,447558023.32631034,3632658977.302463,11,21.079872783744946,1.5886460855368822,none,3.59,3.59,Skip,0,0.0,0.0,N/A,-999,-999
BTC,2026-09-19T00:00:00Z,80873.58287659245,5.895169412805457,44737458821.40004,1624449753756.773,1,16.715837126590106,-0.48128971918913743,none,99.95,99.95,Invest,0,9.996,103.8813,5.8952,3.9229,-999
DOGE,2026-09-19T00:00:00Z,0.08744317996850924,7.05781334796276,1242486300.5260808,13638761676.53098,5,16.59421069717486,-6.35709839331331,neutral,2.39,2.39,Skip,0,0.0,0.0,N/A,-999,-999
DOT,2026-09-19T00:00:00Z,1.1337318014500815,5.091982146768914,240712237.2123534,1931197143.6597052,13,43.72460884699463,-9.121911701274177,none,4.39,4.39,Skip,0,0.0,0.0,N/A,-999,-999
ETH,2026-09-19T00:00:00Z,2611.5555571198493,6.7621675362358635,23593939177.26936,318763679004.78766,2,15.979722515904694,3.416996562782537,none,95.72,95.72,Invest,0,9.738,93.7158,6.7622,6.9255,-999
LINK,2026-09-19T00:00:00Z,12.224011588823037,7.417256621487223,588999003.9024787,9144782708.071953,6,15.895688808774743,-7.6537904055593575,bearish,10.14,5.14,Skip,0,0.0,0.0,N/A,-999,-999
LTC,2026-09-19T00:00:00Z,58.1367989799671,7.83264320674697,394396037.84092903,4512713762.757033,10,24.32833759419053,5.315920678751085,none,4.84,4.84,Skip,0,0.0,0.0,N/A,-999,-999
NEAR,2026-09-19T00:00:00Z,3.7625126088515235,19.499986187313787,1983179563.8160207,4916390464.102234,9,117.43808933469744,19.499986187313787,bearish,0.01,0.0,Skip,0,0.0,0.0,N/A,-999,-999
PEPE,2026-09-19T00:00:00Z,3.8131979694357827e-06,5.629837474792043,320029730.81273556,1604174253.7619395,14,32.67911378039972,-7.494319393021554,none,3.49,3.49,Skip,0,0.0,0.0,N/A,-999,-999
SOL,2026-09-19T00:00:00Z,112.70209381584154,10.9610227163345,6595029730.558341,66189571004.6839,4,32.07312287785944,3.228498639227606,none,33.29,33.29,Skip,0,5.463,0.0,10.961,8.605,8.605
UNI,2026-09-19T00:00:00Z,8.86197982271963,13.739431137956926,2100542351.1170595,5503275491.114747,8,143.91893613884972,13.739431137956926,none,0.03,0.03,Skip,0,0.0,0.0,N/A,-999,-999
XRP,2026-09-19T00:00:00Z,1.3960002270584508,7.761915667673347,4179061752.1439724,87779391226.45998,3,26.317879578578474,-8.18837260770846,none,20.55,20.55,Skip,0,0.0,0.0,N/A,-999,-999
AAVE,2026-09-20T00:00:00Z,141.01821241950913,1.0987292698588336,292788830.7366655,2175639850.481631,12,42.17701578458768,-0.36194800453950293,bearish,11.85,6.85,Skip,0,0.0,0.0,N/A,-999,-999
ADA,2026-09-20T00:00:00Z,0.22777739999581934,1.4727036670986182,562096659.2475942,8546873914.564558,7,14.478293733119397,-0.579361896133801,neutral,1.01,1.01,Skip,0,0.0,0.0,N/A,-999,-999
ARB,2026-09-20T00:00:00Z,0.20604586541562298,-6.8445088073048606,306130426.41965866,1398139591.829499,15,126.73912703530932,-6.8445088073048606,none,0.54,0.54,Skip,0,0.0,0.0,N/A,-999,-999
AVAX,2026-09-20T00:00:00Z,10.090015978866983,23.010760833704325,984061544.3270391,4468630921.743114,11,38.396154710011096,23.010760833704325,bullish,0.13,5.13,Skip,0,0.0,0.0,N/A,-999,-999
BTC,2026-09-20T00:00:00Z,81236.41383660372,0.44863965105259584,24055616822.501354,1631766599626.8777,1,11.250837866886654,-0.034809324653273244,none,99.94,99.94,Invest,0,9.996,104.3474,0.4486,4.3891,-999
DOGE,2026-09-20T00:00:00Z,0.08770012298395068,0.29383997189256217,1012240642.3880669,13680020007.665619,5,9.006923184434324,-6.081938117552843,neutral,2.53,2.53,Skip,0,0.0,0.0,N/A,-999,-999
DOT,2026-09-20T00:00:00Z,1.1239559203307845,-0.8622745791194375,208128944.89050895,1914722826.1118147,13,32.50538540729415,-9.905530354663805,none,5.96,5.96,Skip,0,0.0,0.0,N/A,-999,-999
ETH,2026-09-20T00:00:00Z,2632.0095970320526,0.7832128961009488,11034395644.108103,321267925139.67786,2,13.130352738460282,0.7832128961009488,none,96.68,96.68,Invest,0,9.738,94.4498,0.7832,7.7629,-999
LINK,2026-09-20T00:00:00Z,12.416572914885847,1.575271134713896,452308154.3826664,9288837830.404518,6,16.165919010278106,-6.199087221815747,bearish,7.6,2.6,Skip,0,0.0,0.0,N/A,-999,-999
LTC,2026-09-20T00:00:00Z,58.25899431575356,0.21018586838359443,366675956.9192109,4522431521.780023,10,21.876709292047302,0.21018586838359443,none,11.1,11.1,Skip,0,0.0,0.0,N/A,-999,-999
NEAR,2026-09-20T00:00:00Z,3.5865306009892803,-4.6772469930927425,985378067.876683,4686823293.935412,9,102.95428450025224,-4.6772469930927425,neutral,0.86,0.86,Skip,0,0.0,0.0,N/A,-999,-999
PEPE,2026-09-20T00:00:00Z,4.1108178145317445e-06,7.804993275499905,514655274.9812079,1729379946.3953595,14,28.281883044887437,-0.27425724219146685,none,1.49,1.49,Skip,0,0.0,0.0,N/A,-999,-999
SOL,2026-09-20T00:00:00Z,111.01530437008863,-1.4966797764282669,3006804409.862018,65206776126.08057,4,26.654643215062034,-1.4966797764282669,none,48.24,48.24,Skip,0,0.0,0.0,N/A,-999,-999
UNI,2026-09-20T00:00:00Z,8.666070636889948,-2.210670637360568,1117729522.2771585,5381061567.218852,8,130.39638831382098,-2.210670637360568,none,0.41,0.41,Skip,0,0.0,0.0,N/A,-999,-999
XRP,2026-09-20T00:00:00Z,1.4099588207580518,0.9998990995161661,3359600762.785301,88657096568.89412,3,11.179728161855508,-7.2703489721618,none,22.69,22.69,Skip,0,0.0,0.0,N/A,-999,-999
AAVE,2026-09-21T00:00:00Z,137.54858649782042,-2.460409802506258,231556562.58106717,2122124242.5973299,12,12.214106519763046,-2.8134524028621044,none,26.12,26.12,Skip,0,0.0,0.0,N/A,-999,-999
ADA,2026-09-21T00:00:00Z,0.22789193394643248,0.05028328122773651,456025995.071775,8551171563.211199,7,-0.5293699370776173,-0.5293699370776173,neutral,1.3,1.3,Skip,0,0.0,0.0,N/A,-999,-999
ARB,2026-09-21T00:00:00Z,0.21753852391260955,5.577718569506018,422396047.9625714,1476123883.4705887,15,121.54559832243108,-1.648557676535356,none,0.3,0.3,Skip,0,0.0,0.0,N/A,-999,-999
AVAX,2026-09-21T00:00:00Z,11.320773934355588,12.197780043821172,1570606247.3283467,5013785698.340266,10,44.461972831502685,12.197780043821172,bullish,0.66,5.66,Skip,0,0.0,0.0,N/A,-999,-999
BTC,2026-09-21T00:00:00Z,81169.03511950027,-0.082941520829527,23789617808.46851,1630456856533.6533,1,3.640626763564181,-0.11772197409953833,none,99.95,99.95,Invest,0,9.996,104.2608,-0.0829,4.3025,-999
DOGE,2026-09-21T00:00:00Z,0.08727794041751935,-0.4813933573486362,788959301.528244,13615363626.186687,5,-4.635871478349873,-6.534053428805531,neutral,3.36,3.36,Skip,0,0.0,0.0,N/A,-999,-999
DOT,2026-09-21T00:00:00Z,1.134237283915615,0.9147479361828248,208160379.35315418,1932401082.9037378,13,20.739087560594506,-9.081393052968235,none,6.79,6.79,Skip,0,0.0,0.0,N/A,-999,-999
ETH,2026-09-21T00:00:00Z,2644.7349398187544,0.48348390526582463,11749949626.385357,322828893559.51447,2,5.159802586486917,0.48348390526582463,none,97.42,97.42,Invest,0,9.738,94.9064,0.4835,8.2839,-999
LINK,2026-09-21T00:00:00Z,12.515622855556591,0.7977236661816489,469692427.8394245,9362937088.090887,6,4.363373383455893,-5.450815141489773,bearish,8.86,3.86,Skip,0,0.0,0.0,N/A,-999,-999
LTC,2026-09-21T00:00:00Z,58.72491224353903,0.7997356172340986,295707519.4432015,4558799049.727823,11,10.531342631778195,0.7997356172340986,none,16.89,16.89,Skip,0,0.0,0.0,N/A,-999,-999
NEAR,2026-09-21T00:00:00Z,4.163360981216509,16.083241561304963,1851556542.382322,5440955540.746002,8,111.7550074535325,10.653741635894232,neutral,0.06,0.06,Skip,0,0.0,0.0,N/A,-999,-999
PEPE,2026-09-21T00:00:00Z,3.995001973814803e-06,-2.8173430675407896,321558951.4645518,1680657380.3641493,14,-3.0838735423321495,-3.0838735423321495,none,3.9,3.9,Skip,0,0.0,0.0,N/A,-999,-999
SOL,2026-09-21T00:00:00Z,111.15414771124425,0.1250668472634775,3215613298.459114,65296160671.02726,4,18.635537832129636,-1.3734847793748006,none,52.88,52.88,Invest,1,5.288,43.6994,0.0,0.0,-999
UNI,2026-09-21T00:00:00Z,8.729811001355298,0.7355163272500631,756653700.7281046,5420116364.965044,9,111.02274866261585,-1.4914141535900094,none,0.73,0.73,Skip,0,0.0,0.0,N/A,-999,-999
XRP,2026-09-21T00:00:00Z,1.4102316069939922,0.019347106590927865,2356907010.3523397,88674249151.86774,3,-3.0301796506384315,-7.252408467736037,none,26.31,26.31,Skip,0,0.0,0.0,N/A,-999,-999
AAVE,2026-09-22T00:00:00Z,145.83823480646873,6.02670555889695,389537016.4306791,2250108507.9539123,12,15.222488786621756,3.043694663674623,none,13.99,13.99,Skip,0,0.0,0.0,N/A,-999,-999
ADA,2026-09-22T00:00:00Z,0.24504152248723637,7.5253161635966626,825019346.039312,9196178487.188627,7,8.385073428726786,7.5253161635966626,neutral,0.37,0.37,Skip,0,0.0,0.0,N/A,-999,-999
ARB,2026-09-22T00:00:00Z,0.22572396278532914,3.762753707020594,530814875.7401897,1531666789.6160944,15,127.93561358706289,2.0521648653990088,none,0.16,0.16,Skip,0,0.0,0.0,N/A,-999,-999
AVAX,2026-09-22T00:00:00Z,11.22963226594034,-0.8050833710110172,1070386321.890381,4973747903.723019,10,49.86169080623881,-0.8050833710110172,bullish,4.38,9.38,Skip,0,0.0,0.0,N/A,-999,-999
BTC,2026-09-22T00:00:00Z,86596.74004249526,6.686915663102444,61251744760.22805,1739520328890.6677,1,12.34508402115968,6.561321719877933,none,99.89,99.89,Invest,0,9.996,111.2327,6.6869,11.2772,-999
DOGE,2026-09-22T00:00:00Z,0.09980245749264037,14.350151957306,2794843884.5353084,15570367663.107231,5,8.534214877679336,6.878451932495322,bullish,0.48,5.48,Skip,0,0.0,0.0,N/A,-999,-999
DOT,2026-09-22T00:00:00Z,1.206242496267486,6.348337633841017,241706370.16444644,2055267100.647627,13,31.059988982489095,-3.3095729119858364,none,2.44,2.44,Skip,0,0.0,0.0,N/A,-999,-999
ETH,2026-09-22T00:00:00Z,2775.1686826711957,4.931826660155969,27217607923.39273,338758308121.54047,2,14.514900248464002,4.931826660155969,none,95.45,95.45,Invest,0,9.738,99.587,4.9318,13.6243,-999
LINK,2026-09-22T00:00:00Z,13.174962130760056,5.268129942975519,756434298.8994461,9856188780.370564,6,13.102145494241292,-0.4698412231193161,bearish,4.23,0.0,Skip,0,0.0,0.0,N/A,-999,-999
LTC,2026-09-22T00:00:00Z,61.98862752291407,5.5576333019282,585098532.5154474,4812373857.971999,11,18.11780765300457,5.5576333019282,none,9.63,9.63,Skip,0,0.0,0.0,N/A,-999,-999
NEAR,2026-09-22T00:00:00Z,4.26685096763515,2.4857317654065625,1613602147.884571,5576545699.228718,9,127.1465561631302,2.4857317654065625,bullish,0.24,5.24,Skip,0,0.0,0.0,N/A,-999,-999
PEPE,2026-09-22T00:00:00Z,4.765512096596664e-06,19.286852117524877,1066160582.4178855,2004803283.9172504,14,17.13324880105549,15.926132258904158,none,0.19,0.19,Skip,0,0.0,0.0,N/A,-999,-999
SOL,2026-09-22T00:00:00Z,118.87215319676594,6.943515509265108,6829734088.816092,69829887212.69356,4,26.61503229546245,5.4746626012170285,none,30.04,30.04,Skip,0,5.288,0.0,6.9435,6.9435,6.9435
UNI,2026-09-22T00:00:00Z,8.989983798939514,2.980279842757483,1163101850.6544526,5580895841.804985,8,108.84692666981253,1.4444173737759858,none,0.39,0.39,Skip,0,0.0,0.0,N/A,-999,-999
XRP,2026-09-22T00:00:00Z,1.5349840525522158,8.846238088801762,5921150531.230748,96518584355.29922,3,4.864082222149602,0.9522643008373688,none,10.42,10.42,Skip,0,0.0,0.0,N/A,-999,-999
AAVE,2026-09-23T00:00:00Z,147.83595123338552,1.3698166530661915,290441402.38866204,2280949165.2163625,12,4.45520435311233,1.3698166530661915,none,20.32,20.32,Skip,0,0.0,0.0,N/A,-999,-999
ADA,2026-09-23T00:00:00Z,0.2540226969927011,3.665164342068805,933731241.0058914,9533233541.934069,7,11.989970383638049,3.665164342068805,bullish,0.71,5.71,Skip,0,0.0,0.0,N/A,-999,-999
ARB,2026-09-23T00:00:00Z,0.23495086032155854,4.087690745091388,387321361.78011864,1594276591.2208698,15,131.9746523726811,4.087690745091388,none,0.1,0.1,Skip,0,0.0,0.0,N/A,-999,-999
AVAX,2026-09-23T00:00:00Z,11.302807378963678,0.6516251938656792,665873341.5171239,5006367411.966402,10,48.59189251677167,-0.15870430322246776,bullish,3.5,8.5,Skip,0,0.0,0.0,N/A,-999,-999
BTC,2026-09-23T00:00:00Z,86183.29442787907,-0.4774378509090682,43496653159.936775,1731252948699.2454,1,10.900426502939586,-0.4774378509090682,none,99.96,99.96,Invest,0,9.996,110.7016,-0.4774,10.7459,-999
DOGE,2026-09-23T00:00:00Z,0.10035920391876493,0.5578484138685891,2255256689.7981095,15658598622.466948,5,7.474671681368039,0.5578484138685891,bullish,1.33,6.33,Skip,0,0.0,0.0,N/A,-999,-999
DOT,2026-09-23T00:00:00Z,1.2179310627906088,0.9690063614315569,188235176.21272546,2075376275.017773,14,31.23247557488846,-2.3726365226076296,none,2.85,2.85,Skip,0,0.0,0.0,N/A,-999,-999
ETH,2026-09-23T00:00:00Z,2752.629093198004,-0.8121880883830368,16456702906.15831,336014807500.0825,2,11.786253487054243,-0.8121880883830368,none,98.0,98.0,Invest,0,9.738,98.7782,-0.8122,12.7015,-999
LINK,2026-09-23T00:00:00Z,13.034779125019648,-1.0640106920164705,599609976.8425605,9751317877.922094,6,12.953305148676764,-1.5288527542862917,bearish,4.59,0.0,Skip,0,0.0,0.0,N/A,-999,-999
LTC,2026-09-23T00:00:00Z,62.935098562137156,1.526846257199721,508729509.2402046,4886091742.138313,11,20.32605351661727,1.526846257199721,none,16.41,16.41,Skip,0,0.0,0.0,N/A,-999,-999
NEAR,2026-09-23T00:00:00Z,4.41207211165294,3.403473548040936,1749071781.316301,5766700212.839776,9,119.05384868403392,3.403473548040936,bullish,0.26,5.26,Skip,0,0.0,0.0,N/A,-999,-999
PEPE,2026-09-23T00:00:00Z,4.977073070817092e-06,4.4394174210892645,930003033.8811702,2093804870.1620424,13,21.623546357349575,4.4394174210892645,none,0.81,0.81,Skip,0,0.0,0.0,N/A,-999,-999
SOL,2026-09-23T00:00:00Z,118.50707502712261,-0.3071183282421286,4681883833.939867,69623770742.81317,4,24.21140246714446,-0.3071183282421286,bullish,51.32,56.32,Invest,1,5.632,46.7131,0.0,0.0,-999
UNI,2026-09-23T00:00:00Z,10.218740498650503,13.668063560425292,2105110585.9055297,6342858295.983133,8,126.00449736998618,13.668063560425292,none,0.05,0.05,Skip,0,0.0,0.0,N/A,-999,-999
XRP,2026-09-23T00:00:00Z,1.571302241663608,2.366030386505047,5968132785.943448,98802243389.77011,3,3.340825550060078,2.366030386505047,none,8.97,8.97,Skip,0,0.0,0.0,N/A,-999,-999
AAVE,2026-09-24T00:00:00Z,138.91420097479622,-6.034898943156741,401841639.115703,2143308463.6722236,12,5.024859011241145,-6.034898943156741,none,46.91,46.91,Skip,0,0.0,0.0,N/A,-999,-999
ADA,2026-09-24T00:00:00Z,0.23845175140970679,-6.129745793322439,760532889.8642993,8948870559.929762,7,7.6877828404611215,-6.129745793322439,bullish,3.46,8.46,Skip,0,0.0,0.0,N/A,-999,-999
ARB,2026-09-24T00:00:00Z,0.21591607993873876,-8.101600631199391,485054171.1147824,1465114668.8434558,15,122.7306272352343,-8.101600631199391,none,0.91,0.91,Skip,0,0.0,0.0,N/A,-999,-999
AVAX,2026-09-24T00:00:00Z,10.256143295230954,-9.260213402209539,676781442.8122911,4544035512.753447,11,35.99704844823914,-9.404221348275122,bullish,22.51,27.51,Skip,0,0.0,0.0,N/A,-999,-999
BTC,2026-09-24T00:00:00Z,84382.39990356649,-2.0896097512489775,43737548353.46009,1695109174253.2031,1,6.8484826787423625,-2.5570710142692965,none,99.98,99.98,Invest,0,9.996,108.3884,-2.0896,8.4317,-999
DOGE,2026-09-24T00:00:00Z,0.09269308924276103,-7.638676251566512,1856647000.4976587,14463822821.718643,5,2.9319720313345954,-7.638676251566512,bullish,4.86,9.86,Skip,0,0.0,0.0,N/A,-999,-999
DOT,2026-09-24T00:00:00Z,1.1016740150430273,-9.54545386839919,229894306.4860811,1877428338.514209,13,22.507545016160613,-11.69161146627652,none,9.75,9.75,Skip,0,0.0,0.0,N/A,-999,-999
ETH,2026-09-24T00:00:00Z,2684.342871490596,-2.4807636407007894,17829847307.081375,327686843603.20233,2,8.157666256235064,-3.2728032622931225,neutral,98.75,98.75,Invest,0,9.738,96.3278,-2.4808,9.9056,-999
LINK,2026-09-24T00:00:00Z,12.351352197523846,-5.243103246636494,615023345.1183107,9240046213.674915,6,6.273392654142418,-6.691796672526518,bearish,10.97,5.97,Skip,0,0.0,0.0,N/A,-999,-999
LTC,2026-09-24T00:00:00Z,61.87754618246183,-1.680385673236351,633153399.4500939,4804176443.868234,10,19.8214594698074,-1.680385673236351,neutral,19.49,19.49,Skip,0,0.0,0.0,N/A,-999,-999
NEAR,2026-09-24T00:00:00Z,4.333075476693107,-1.79046563521007,2505575195.855995,5663800137.706226,9,121.79526626869244,-1.79046563521007,bullish,0.65,5.65,Skip,0,0.0,0.0,N/A,-999,-999
PEPE,2026-09-24T00:00:00Z,4.3299716628569584e-06,-13.001645721345579,582366095.6377901,1821575778.8472939,14,7.13359834590328,-13.001645721345579,none,18.87,18.87,Skip,0,0.0,0.0,N/A,-999,-999
SOL,2026-09-24T00:00:00Z,114.98536485451598,-2.971729891907826,4996230590.7756195,67562841669.511246,4,16.30282084864372,-3.269721492986044,bullish,66.87,71.87,Invest,0,5.632,45.3249,-2.9717,-2.9717,-999
UNI,2026-09-24T00:00:00Z,9.235552369787884,-9.621421827792375,1779915675.1598558,5732178779.083201,8,113.33967673719818,-9.621421827792375,none,2.7,2.7,Skip,0,0.0,0.0,N/A,-999,-999
XRP,2026-09-24T00:00:00Z,1.50106804404108,-4.469808274961029,5526200891.578135,94385972538.88704,3,1.3959998043676647,-4.469808274961029,bullish,22.93,27.93,Skip,0,0.0,0.0,N/A,-999,-999
AAVE,2026-09-25T00:00:00Z,146.8717416376066,5.728385296082261,310606658.3056101,2266090893.180637,12,16.05033186474185,-0.6522159107677061,none,21.85,21.85,Skip,0,0.0,0.0,N/A,-999,-999
ADA,2026-09-25T00:00:00Z,0.2475898310404945,3.8322551949248274,576644255.2942017,9291814116.849768,7,18.415819963710224,-2.53239809999789,bullish,1.44,6.44,Skip,0,0.0,0.0,N/A,-999,-999
ARB,2026-09-25T00:00:00Z,0.21641254825504652,0.22993577710777036,320042646.8329335,1468483491.6427808,15,134.87997521593874,-7.89029333246114,none,0.58,0.58,Skip,0,0.0,0.0,N/A,-999,-999
AVAX,2026-09-25T00:00:00Z,10.199061988958038,-0.5565572226302495,547739319.7135407,4518759166.42259,11,39.21914634055725,-9.908438697759415,bullish,21.31,26.31,Skip,0,0.0,0.0,N/A,-999,-999
BTC,2026-09-25T00:00:00Z,84377.96508359577,-0.005255621996747006,38044738930.24391,1695061262169.533,1,7.472474624935876,-2.562192246279338,bearish,99.97,94.97,Invest,0,9.996,108.3827,-0.0053,8.426,-999
DOGE,2026-09-25T00:00:00Z,0.09574821467137984,3.2959581491749823,1165246562.4514694,14941794840.376926,5,11.761378919833131,-4.594485674794136,bullish,2.16,7.16,Skip,0,0.0,0.0,N/A,-999,-999
DOT,2026-09-25T00:00:00Z,1.1549917541645571,4.83970198021304,183017090.71384507,1968474713.286394,13,35.646235485134106,-7.4177486377156825,none,3.72,3.72,Skip,0,0.0,0.0,N/A,-999,-999
ETH,2026-09-25T00:00:00Z,2687.1259839506374,0.10367946992166921,14564506864.808453,328034207688.9713,2,10.03741836523071,-3.1725170174453754,neutral,98.58,98.58,Invest,0,9.738,96.4276,0.1037,10.0196,-999
LINK,2026-09-25T00:00:00Z,13.213625284353567,6.981203944638437,667882929.2502253,9885112684.430403,6,17.041494550396585,-0.17776070115769205,bearish,3.57,0.0,Skip,0,0.0,0.0,N/A,-999,-999
LTC,2026-09-25T00:00:00Z,71.92998617078028,16.24569914048668,1736973282.974708,5584934417.481866,10,44.06437264970302,14.292323066376511,neutral,1.7,1.7,Skip,0,0.0,0.0,N/A,-999,-999
NEAR,2026-09-25T00:00:00Z,4.589213139670827,5.911220895076519,1482115176.5366664,5999091246.541767,8,146.68676826188093,4.014916881118746,bullish,0.09,5.09,Skip,0,0.0,0.0,N/A,-999,-999
PEPE,2026-09-25T00:00:00Z,4.421725030194774e-06,2.119029279680684,425477883.4459002,1860175502.9526396,14,15.809406966528172,-11.158125121340557,none,11.39,11.39,Skip,0,0.0,0.0,N/A,-999,-999
SOL,2026-09-25T00:00:00Z,117.00949011781655,1.7603329483378838,4291279359.180499,68760401251.94975,4,21.1575232001191,-1.5669465294080864,bullish,57.02,62.02,Invest,0,5.632,46.1228,1.7603,-1.2637,-999
UNI,2026-09-25T00:00:00Z,9.147278418541099,-0.9558058653378887,1012665310.6197264,5676658495.827587,9,114.24929322876758,-10.485265578971326,none,3.64,3.64,Skip,0,0.0,0.0,N/A,-999,-999
XRP,2026-09-25T00:00:00Z,1.5339867896033,2.1930215417549137,3882133443.8172355,96455877249.05971,3,6.968863204728715,-2.3748105915511575,neutral,14.41,14.41,Skip,0,0.0,0.0,N/A,-999,-999
AAVE,2026-09-26T00:00:00Z,153.55303319530904,4.549065383991957,390878697.6640545,2369207749.421791,12,20.870362722562376,3.8671797449986167,none,12.03,12.03,Skip,0,0.0,0.0,N/A,-999,-999
ADA,2026-09-26T00:00:00Z,0.2586209002898668,4.455380579652357,723140735.328117,9705799798.509289,7,21.774848139278525,1.8101545065076774,bullish,0.73,5.73,Skip,0,0.0,0.0,N/A,-999,-999
ARB,2026-09-26T00:00:00Z,0.22667311097045242,4.74120507250515,371333258.7977451,1538107305.437449,15,144.21681269915342,-3.5231832476701808,none,0.25,0.25,Skip,0,0.0,0.0,N/A,-999,-999
AVAX,2026-09-26T00:00:00Z,10.648001657701961,4.401774096774447,617455359.1792153,4717812069.331714,11,43.11204321601097,-5.942811688977711,bullish,12.45,17.45,Skip,0,0.0,0.0,N/A,-999,-999
BTC,2026-09-26T00:00:00Z,84075.71659039952,-0.35820784833671127,35904911385.48042,1689021200315.1973,1,6.400668648894636,-2.911222120900414,bearish,99.97,94.97,Invest,0,9.996,107.9944,-0.3582,8.0376,-999
DOGE,2026-09-26T00:00:00Z,0.09894577126685326,3.339546963301454,1229797603.6113646,15442261346.054188,5,12.848452080755601,-1.408373718324596,bullish,1.32,6.32,Skip,0,0.0,0.0,N/A,-999,-999
DOT,2026-09-26T00:00:00Z,1.2126066198016228,4.9883356681399205,207097827.39450702,2066858661.263138,13,38.466972486736005,-2.7994351706438936,none,1.82,1.82,Skip,0,0.0,0.0,N/A,-999,-999
ETH,2026-09-26T00:00:00Z,2690.8886985219224,0.14002747149775008,14335818784.962042,328500746742.66174,2,7.363141637823811,-3.036931941309995,neutral,98.63,98.63,Invest,0,9.738,96.5626,0.14,10.1736,-999
LINK,2026-09-26T00:00:00Z,13.925470731214936,5.387207761251367,926777930.0789816,10417644242.17448,6,19.83892923504371,5.199870721804456,bearish,1.69,0.0,Skip,0,0.0,0.0,N/A,-999,-999
LTC,2026-09-26T00:00:00Z,72.53011198259799,0.8343193760566692,764868572.8307846,5631758171.226646,10,43.61407942166202,0.8343193760566692,neutral,11.56,11.56,Skip,0,0.0,0.0,N/A,-999,-999
NEAR,2026-09-26T00:00:00Z,4.950437795281758,7.87116755350441,1660172814.4128282,6471680755.821757,8,160.53548260286433,7.87116755350441,bullish,0.04,5.04,Skip,0,0.0,0.0,N/A,-999,-999
PEPE,2026-09-26T00:00:00Z,4.488386133931608e-06,1.5075813914619873,362184321.17314,1888219162.6836882,14,16.429771545217143,-9.818761547843934,none,8.86,8.86,Skip,0,0.0,0.0,N/A,-999,-999
SOL,2026-09-26T00:00:00Z,122.0809849549597,4.334259410956043,6432199476.43399,71739905110.24655,4,19.629883318127472,2.699397354132449,bullish,45.26,50.26,Invest,0,5.632,48.1219,4.3343,3.0158,-999
UNI,2026-09-26T00:00:00Z,9.630010636359495,5.2773316360407385,1041103280.3453451,5975753089.966073,9,119.87348031071807,-5.761276180452524,none,1.62,1.62,Skip,0,0.0,0.0,N/A,-999,-999
XRP,2026-09-26T00:00:00Z,1.5681249917787932,2.2254560734725537,6664201548.621162,98602460427.52014,3,10.23827098769221,-0.20220488462174835,neutral,11.89,11.89,Skip,0,0.0,0.0,N/A,-999,-999
AAVE,2026-09-27T00:00:00Z,155.64560824521345,1.362770247099454,260223633.11215377,2401511516.410227,12,21.50484270757285,1.362770247099454,none,15.49,15.49,Skip,0,0.0,0.0,N/A,-999,-999
ADA,2026-09-27T00:00:00Z,0.25398238346446256,-1.7935583783852294,522972861.24002886,9533278017.865593,7,18.796732869757292,-1.7935583783852294,bullish,1.26,6.26,Skip,0,0.0,0.0,N/A,-999,-999
ARB,2026-09-27T00:00:00Z,0.22210944981535194,-2.013322681090024,243896874.34474495,1507140242.1975741,15,141.52036749230183,-5.465572881338499,none,0.31,0.31,Skip,0,0.0,0.0,N/A,-999,-999
AVAX,2026-09-27T00:00:00Z,10.84347899687112,1.835812441180118,544125149.6511776,4804472400.802546,11,44.02311627809588,-4.216098124139744,bullish,9.32,14.32,Skip,0,0.0,0.0,N/A,-999,-999
BTC,2026-09-27T00:00:00Z,84416.7149816521,0.40558487644399843,18033182350.132664,1695916693389.409,1,5.168087989379333,-2.517444721098472,bearish,99.97,94.97,Invest,0,9.996,108.4324,0.4056,8.4758,-999
DOGE,2026-09-27T00:00:00Z,0.09673037942042319,-2.2389959854426156,669089331.8576666,15097825267.614603,5,8.510775250125914,-3.6158362727538917,bullish,1.66,6.66,Skip,0,0.0,0.0,N/A,-999,-999
DOT,2026-09-27T00:00:00Z,1.2417601741268998,2.4042054405118085,231876243.29902518,2116736916.1079009,13,40.85240127983805,-0.4625339028082931,none,1.26,1.26,Skip,0,0.0,0.0,N/A,-999,-999
ETH,2026-09-27T00:00:00Z,2695.6048383919747,0.17526328281964876,5851863209.137865,329084170100.4967,2,7.332129770402296,-2.8669912851076895,neutral,98.1,98.1,Invest,0,9.738,96.7319,0.1753,10.3667,-999
LINK,2026-09-27T00:00:00Z,14.144075493670789,1.5698195535023052,582938066.7927648,10581182458.502443,6,18.628720980327216,1.5698195535023052,bearish,2.78,0.0,Skip,0,0.0,0.0,N/A,-999,-999
LTC,2026-09-27T00:00:00Z,72.55379118766604,0.032647412806596776,556856210.3199241,5633889731.189618,10,45.32992601151664,0.032647412806596776,neutral,11.44,11.44,Skip,0,0.0,0.0,N/A,-999,-999
NEAR,2026-09-27T00:00:00Z,5.035805330593034,1.7244441570933189,905966571.4417846,6583810116.613856,8,161.2310482652225,1.7244441570933189,bullish,0.09,5.09,Skip,0,0.0,0.0,N/A,-999,-999
PEPE,2026-09-27T00:00:00Z,4.3645938974987236e-06,-2.7580567433142966,225930173.27480215,1836141006.738738,14,12.101199644311311,-12.306011276177975,none,11.85,11.85,Skip,0,0.0,0.0,N/A,-999,-999
SOL,2026-09-27T00:00:00Z,121.3788030542415,-0.5751771260505967,2956417713.452878,71335814083.14082,4,11.175854695209274,-0.5751771260505967,bullish,56.88,61.88,Invest,0,5.632,47.8451,-0.5752,2.4233,-999
UNI,2026-09-27T00:00:00Z,9.701121689118189,0.7384317156432063,590080132.0993084,6019879946.030911,9,107.07152185625506,-5.065387555351575,none,1.6,1.6,Skip,0,0.0,0.0,N/A,-999,-999
XRP,2026-09-27T00:00:00Z,1.5272732798523756,-2.6051311050197423,2502370849.5292034,96033737060.60803,3,5.0678872880766335,-2.802068287296333,neutral,13.89,13.89,Skip,0,0.0,0.0,N/A,-999,-999
AAVE,2026-09-28T00:00:00Z,154.53109791982658,-0.7160563911517537,257253570.6490661,2384321600.454088,12,26.467087597498228,-0.7160563911517537,none,18.64,18.64,Skip,0,0.0,0.0,N/A,-999,-999
ADA,2026-09-28T00:00:00Z,0.25502359864670776,0.40995567016988144,399399175.70779467,9572360231.652893,7,25.567419735282538,-1.390955502485336,bullish,0.93,5.93,Skip,0,0.0,0.0,N/A,-999,-999
ARB,2026-09-28T00:00:00Z,0.2261631675884591,1.825099191627011,374499855.47205585,1534647046.5746071,15,157.7462841539466,-3.740225816186593,none,0.19,0.19,Skip,0,0.0,0.0,N/A,-999,-999
AVAX,2026-09-28T00:00:00Z,10.901275376513528,0.5330058707088803,544563791.4154353,4830101353.081464,11,49.200800656770085,-3.705564303947373,bullish,7.8,12.8,Skip,0,0.0,0.0,N/A,-999,-999
BTC,2026-09-28T00:00:00Z,84448.75015162026,0.03794884694947598,21929060307.609814,1696599373991.094,1,8.516988910528212,-2.4804512153932423,bearish,99.97,94.97,Invest,0,9.996,108.4736,0.0379,8.517,-999
DOGE,2026-09-28T00:00:00Z,0.0968559421903277,0.1298069651508138,808703233.4669272,15118717291.785921,5,13.647984576823013,-3.490722914933564,bullish,1.55,6.55,Skip,0,0.0,0.0,N/A,-999,-999
DOT,2026-09-28T00:00:00Z,1.267704162491839,2.0892913869766216,215910537.2051621,2161153801.8796954,13,49.37129897685468,1.617093803175118,none,0.74,0.74,Skip,0,0.0,0.0,N/A,-999,-999
ETH,2026-09-28T00:00:00Z,2687.5352894478456,-0.2993594917622633,8833449436.595728,328106879703.77484,2,10.036313071169921,-3.1577681663299773,neutral,98.32,98.32,Invest,0,9.738,96.4423,-0.2994,10.0363,-999
LINK,2026-09-28T00:00:00Z,14.017368038274775,-0.895834128237738,418778661.1113961,10486392614.868073,6,22.618298844861062,-0.895834128237738,bearish,3.36,0.0,Skip,0,0.0,0.0,N/A,-999,-999
LTC,2026-09-28T00:00:00Z,71.2719596348454,-1.7667326983714426,328435234.8310914,5534617665.989735,10,44.530810569059696,-1.7667326983714426,neutral,12.59,12.59,Skip,0,0.0,0.0,N/A,-999,-999
NEAR,2026-09-28T00:00:00Z,5.38986038977869,7.0307534930855065,1433609548.226818,7047122341.20699,8,195.5248335581603,7.0307534930855065,bullish,0.02,5.02,Skip,0,0.0,0.0,N/A,-999,-999
PEPE,2026-09-28T00:00:00Z,4.362960399186716e-06,-0.03742612372124032,210058967.5631169,1835453810.3338597,14,18.045618289588262,-12.338831736893841,none,10.33,10.33,Skip,0,0.0,0.0,N/A,-999,-999
SOL,2026-09-28T00:00:00Z,121.95552902058392,0.47514553763121636,3956771955.139636,71683336880.468,4,17.136441935546664,-0.10276451686728194,bullish,54.27,59.27,Invest,0,5.632,48.0724,0.4751,2.9099,-999
UNI,2026-09-28T00:00:00Z,9.67463289738213,-0.2730487523496472,688864609.3023134,6002784863.908306,9,118.12726910122002,-5.324605330179666,none,1.37,1.37,Skip,0,0.0,0.0,N/A,-999,-999
XRP,2026-09-28T00:00:00Z,1.5164581588114048,-0.7081326690935197,2739080340.0164757,95353690795.1305,3,9.615607721436504,-3.490358595437204,neutral,14.3,14.3,Skip,0,0.0,0.0,N/A,-999,-999
AAVE,2026-09-29T00:00:00Z,149.41969111557967,-3.307688143715126,305667627.3228636,2305522948.9166994,12,17.867627269025775,-4.00005962251444,none,32.67,32.67,Skip,0,0.0,0.0,N/A,-999,-999
ADA,2026-09-29T00:00:00Z,0.24719014187557156,-3.0716595690378212,684670641.5342674,9278329912.614555,7,22.46327188340964,-4.419889653730003,bullish,1.9,6.9,Skip,0,0.0,0.0,N/A,-999,-999
ARB,2026-09-29T00:00:00Z,0.20198263100582725,-10.691633319635985,322144946.14011866,1370568211.604227,15,130.44478054814746,-14.031967906229536,none,1.65,1.65,Skip,0,0.0,0.0,N/A,-999,-999
AVAX,2026-09-29T00:00:00Z,10.607096374846078,-2.698574171433643,622284822.773578,4982766185.529427,11,44.68373931911152,-6.304141074168834,bullish,13.45,18.45,Skip,0,0.0,0.0,N/A,-999,-999
BTC,2026-09-29T00:00:00Z,83479.2543356063,-1.1480286141278828,41541721154.86327,1677138373123.666,1,6.716657663322612,-3.600003539808927,bearish,99.98,94.98,Invest,0,9.996,107.2283,-1.148,7.2712,-999
DOGE,2026-09-29T00:00:00Z,0.09389239227656859,-3.059750229816105,1133313145.3706894,14657398302.316292,5,10.099674768033683,-6.443665742337745,bullish,2.95,7.95,Skip,0,0.0,0.0,N/A,-999,-999
DOT,2026-09-29T00:00:00Z,1.181390546242565,-6.808656057389085,237522532.58019453,2014191951.4443378,13,39.73153054685672,-6.808656057389085,none,3.47,3.47,Skip,0,0.0,0.0,N/A,-999,-999
ETH,2026-09-29T00:00:00Z,2687.921688219616,0.014377439927493185,17048616414.52823,328161568756.54565,2,9.39454458119171,-3.1438447326236574,neutral,98.67,98.67,Invest,0,9.738,96.4562,0.0144,10.0521,-999
LINK,2026-09-29T00:00:00Z,15.439985573182222,10.14896327914736,1383386542.0855691,11550652750.658255,6,34.77864323799986,9.1622112741927,bearish,0.85,0.0,Skip,0,0.0,0.0,N/A,-999,-999
LTC,2026-09-29T00:00:00Z,69.20679936843634,-2.897577500309667,621994018.618503,5374464101.733637,10,41.214105036204664,-4.613117749522477,neutral,22.93,22.93,Skip,0,0.0,0.0,N/A,-999,-999
NEAR,2026-09-29T00:00:00Z,4.818652319284116,-10.597826830131085,1385099233.779483,6300656744.895527,8,157.94189498203437,-10.597826830131085,bullish,0.84,5.84,Skip,0,0.0,0.0,N/A,-999,-999
PEPE,2026-09-29T00:00:00Z,4.209548731723949e-06,-3.5162287398108005,339618620.50370014,1770915055.9489481,14,15.109203842105545,-15.421198929015079,none,19.05,19.05,Skip,0,0.0,0.0,N/A,-999,-999
SOL,2026-09-29T00:00:00Z,118.8201788844008,-2.5708962614183206,4120285685.7167687,69848794578.2706,4,12.525622565694716,-2.6710188091633835,bullish,66.34,71.34,Invest,0,5.632,46.8365,-2.5709,0.2642,-999
UNI,2026-09-29T00:00:00Z,8.804074900728939,-8.99835689774603,1053803852.3365227,5462069397.256311,9,88.04234161049087,-13.843835236919722,none,10.26,10.26,Skip,0,0.0,0.0,N/A,-999,-999
XRP,2026-09-29T00:00:00Z,1.4958560963437109,-1.3585645174570282,4343694143.006382,94058249385.90216,3,7.13060900811755,-4.801504339484608,neutral,20.2,20.2,Skip,0,0.0,0.0,N/A,-999,-999
AAVE,2026-09-30T00:00:00Z,165.23613592480058,10.58524796238971,768737905.5191267,2550251170.908318,12,34.99724257181731,6.16177211018869,none,8.84,8.84,Skip,0,0.0,0.0,N/A,-999,-999
ADA,2026-09-30T00:00:00Z,0.24440072614802122,-1.12844942212722,520227885.80225945,9173628652.3326,7,26.84816902670102,-5.49846285660105,bullish,1.85,6.85,Skip,0,0.0,0.0,N/A,-999,-999
ARB,2026-09-30T00:00:00Z,0.20345238033442084,0.7276612455608511,304400432.5305693,1380541305.3240476,15,141.61174107680452,-13.406411853111855,none,1.15,1.15,Skip,0,0.0,0.0,N/A,-999,-999
AVAX,2026-09-30T00:00:00Z,11.434247955619284,7.798096213538064,1160768092.163881,5066449525.377465,11,60.813634976491194,1.0023521529683777,bullish,3.97,8.97,Skip,0,0.0,0.0,N/A,-999,-999
BTC,2026-09-30T00:00:00Z,83640.10160067653,0.19267932655888664,29007802596.080124,1680405670009.9465,1,7.702815484980174,-3.4142606758266414,bearish,99.97,94.97,Invest,0,9.996,107.4349,0.1927,7.4779,-999
DOGE,2026-09-30T00:00:00Z,0.09385910208087918,-0.03545569016002448,779106478.4176809,14653259212.669155,5,14.386379910765923,-6.476836786337225,bullish,2.38,7.38,Skip,0,0.0,0.0,N/A,-999,-999
DOT,2026-09-30T00:00:00Z,1.1928793812086975,0.972484078417013,214425508.68621483,2033958617.680865,13,45.567210715419,-5.90238507508436,none,2.58,2.58,Skip,0,0.0,0.0,N/A,-999,-999
ETH,2026-09-30T00:00:00Z,2677.3845041515556,-0.39201975690891233,15609520153.835028,326882384721.9066,2,10.807804328570402,-3.523539997054137,neutral,98.67,98.67,Invest,0,9.738,96.0781,-0.392,9.6207,-999
LINK,2026-09-30T00:00:00Z,14.60433092508257,-5.412276094034074,868437737.144922,10925499533.129488,6,31.076377973743362,-5.412276094034074,bearish,7.87,2.87,Skip,0,0.0,0.0,N/A,-999,-999
LTC,2026-09-30T00:00:00Z,66.80685516771058,-3.467786724176003,391279730.3101144,5188350949.262762,10,39.51612389680861,-7.9209313888099375,neutral,30.23,30.23,Skip,0,0.0,0.0,N/A,-999,-999
NEAR,2026-09-30T00:00:00Z,4.886592635782179,1.409944357806614,1317128498.3205795,6390009275.892547,8,168.7712489096133,-9.337305933766038,bullish,0.54,5.54,Skip,0,0.0,0.0,N/A,-999,-999
PEPE,2026-09-30T00:00:00Z,4.2519830773057065e-06,1.008049752743445,287986088.3398185,1788766760.7917376,14,24.897834077570423,-14.56860253394565,none,13.49,13.49,Skip,0,0.0,0.0,N/A,-999,-999
SOL,2026-09-30T00:00:00Z,119.09316711111971,0.2297490453911033,3653483979.6984057,70009074717.07007,4,17.12215466297573,-2.4474064039885612,bullish,62.23,67.23,Invest,0,5.632,46.9441,0.2297,0.4946,-999
UNI,2026-09-30T00:00:00Z,8.885517726453688,0.925058301332804,854931022.1125163,5512241302.93113,9,73.1321541259983,-13.046840482668888,none,11.68,11.68,Skip,0,0.0,0.0,N/A,-999,-999
XRP,2026-09-30T00:00:00Z,1.4901410888355973,-0.38205596929294927,3821565285.524099,94017435881.5013,3,9.736489927523028,-5.165215874832696,neutral,19.51,19.51,Skip,0,0.0,0.0,N/A,-999,-999
AAVE,2026-10-01T00:00:00Z,171.53,7.70987,514966089.0,2647514601.0,12,36.2236,0.0,none,19.95,19.95,Skip,0,0.0,0.0,N/A,-999,-999
ADA,2026-10-01T00:00:00Z,0.246337,-0.09437,491899203.0,9247805160.0,7,25.8373,0.0,bullish,0.75,5.75,Skip,0,0.0,0.0,N/A,-999,-999
ARB,2026-10-01T00:00:00Z,0.199701,-1.62181,209514831.0,1355087905.0,15,84.3119,0.0,none,0.37,0.37,Skip,0,0.0,0.0,N/A,-999,-999
AVAX,2026-10-01T00:00:00Z,10.99,0.56005,515114408.0,4870705194.0,11,52.4158,0.0,neutral,4.01,4.01,Skip,0,0.0,0.0,N/A,-999,-999
BTC,2026-10-01T00:00:00Z,84856.0,1.50849,33244854500.0,1704941411447.0,1,9.7677,0.0,bearish,99.96,94.96,Invest,0,9.996,109.0555,1.5085,9.0403,-999
DOGE,2026-10-01T00:00:00Z,0.094355,-0.18216,682341682.0,14733369174.0,5,15.5657,0.0,bullish,0.76,5.76,Skip,0,0.0,0.0,N/A,-999,-999
DOT,2026-10-01T00:00:00Z,1.18,-3.71057,179667806.0,2007193732.0,13,35.7055,0.0,none,1.11,1.11,Skip,0,0.0,0.0,N/A,-999,-999
ETH,2026-10-01T00:00:00Z,2705.78,0.76829,13687895055.0,330364127938.0,2,11.9277,0.0,neutral,97.48,97.48,Invest,0,9.738,96.8162,0.7683,10.7833,-999
LINK,2026-10-01T00:00:00Z,14.38,0.13655,416327576.0,10761057681.0,6,28.1085,0.0,bearish,2.68,0.0,Skip,0,0.0,0.0,N/A,-999,-999
LTC,2026-10-01T00:00:00Z,68.07,1.2899,317988138.0,5286802732.0,10,36.5613,0.0,neutral,10.44,10.44,Skip,0,0.0,0.0,N/A,-999,-999
NEAR,2026-10-01T00:00:00Z,4.81,-9.9556,1361192530.0,6285291282.0,8,153.0531,0.0,bullish,0.16,5.16,Skip,0,0.0,0.0,N/A,-999,-999
PEPE,2026-10-01T00:00:00Z,4.44e-06,3.7696,315483411.0,1868192299.0,14,27.7975,0.0,none,1.33,1.33,Skip,0,0.0,0.0,N/A,-999,-999
SOL,2026-10-01T00:00:00Z,118.43,0.30088,3315842956.0,69645026078.0,4,18.7864,0.0,bullish,50.1,55.1,Invest,0,5.632,47.0854,0.3009,-0.065,-999
UNI,2026-10-01T00:00:00Z,8.98,1.18027,692654641.0,5615144790.0,9,56.9575,0.0,none,1.96,1.96,Skip,0,0.0,0.0,N/A,-999,-999
XRP,2026-10-01T00:00:00Z,1.49,0.32255,2277821044.0,94301878032.0,3,10.7418,0.0,neutral,7.65,7.65,Skip,0,0.0,0.0,N/A,-999,-999
