report_id,coingecko_id,token_symbol,report_date,price_usd,return_24h,volume_24h_usd,market_cap_usd,market_cap_rank,drawdown_from_peak_pct,momentum_30d_pct,press_opinion,press_conflict,news_delta,positive_90d_return,base_score,invest_score,decision
ethereum_2026-09-26,ethereum,ETH,2026-09-26T00:00:00Z,2689.26,0.04624,5887823424.0,328296636338.0,2,0.0,7.1014,neutral,none,0.0,-999,96.96,96.96,Invest
bitcoin_2026-09-26,bitcoin,BTC,2026-09-26T00:00:00Z,84317.0,0.49309,17806822095.0,1693810126587.0,1,0.0,5.0635,bearish,none,-5.0,-999,99.95,94.95,Invest
solana_2026-09-26,solana,SOL,2026-09-26T00:00:00Z,121.5,-0.25186,2983480129.0,71405816662.0,4,0.0,11.2398,bullish,none,5.0,-999,54.56,59.56,Invest
aave_2026-09-26,aave,AAVE,2026-09-26T00:00:00Z,154.85,1.88381,260233869.0,2389302678.0,12,0.0,20.9284,none,none,0.0,-999,18.82,18.82,Skip
litecoin_2026-09-26,litecoin,LTC,2026-09-26T00:00:00Z,72.12,-0.85156,581013982.0,5600241779.0,10,0.0,43.6994,neutral,agree,0.0,-999,11.92,11.92,Skip
avalanche-2_2026-09-26,avalanche-2,AVAX,2026-09-26T00:00:00Z,10.76,1.97203,542517928.0,4765916504.0,11,0.0,42.5611,bullish,agree,5.0,-999,4.87,9.87,Skip
ripple_2026-09-26,ripple,XRP,2026-09-26T00:00:00Z,1.52,-2.63918,2695397474.0,95708030387.0,3,0.0,4.7985,neutral,none,0.0,-999,9.34,9.34,Skip
cardano_2026-09-26,cardano,ADA,2026-09-26T00:00:00Z,0.252813,-1.30422,535663142.0,9488430425.0,7,0.0,18.0939,bullish,agree,5.0,-999,0.95,5.95,Skip
dogecoin_2026-09-26,dogecoin,DOGE,2026-09-26T00:00:00Z,0.096557,-2.07097,700216420.0,15070550924.0,5,0.0,8.7236,bullish,none,5.0,-999,0.91,5.91,Skip
near_2026-09-26,near,NEAR,2026-09-26T00:00:00Z,4.98,0.62525,885411231.0,6505857901.0,8,0.0,160.4768,bullish,none,5.0,-999,0.12,5.12,Skip
pepe_2026-09-26,pepe,PEPE,2026-09-26T00:00:00Z,4.36e-06,-2.67549,230854523.0,1834608657.0,14,0.0,11.4319,none,none,0.0,-999,1.68,1.68,Skip
polkadot_2026-09-26,polkadot,DOT,2026-09-26T00:00:00Z,1.24,2.73203,232498165.0,2109295115.0,13,0.0,39.9778,none,none,0.0,-999,1.19,1.19,Skip
uniswap_2026-09-26,uniswap,UNI,2026-09-26T00:00:00Z,9.72,2.03851,598954454.0,6030616528.0,9,0.0,112.293,none,none,0.0,-999,0.61,0.61,Skip
arbitrum_2026-09-26,arbitrum,ARB,2026-09-26T00:00:00Z,0.223492,-0.48313,250932559.0,1516280702.0,15,0.0,146.9818,none,none,0.0,-999,0.11,0.11,Skip
chainlink_2026-09-26,chainlink,LINK,2026-09-26T00:00:00Z,14.09,1.87864,586332554.0,10536954545.0,6,0.0,18.1524,bearish,agree,-5.0,-999,3.61,0.0,Skip
